customer_id,first_name,last_name,email,phone,age,country,updated_timestamp,state
CUST_000001,Jane,Johnson,jane.johnson1@example.com,1-555-5506,19,DE,2026-02-02T16:20:22.075Z,I
CUST_000002,Michael,Williams,michael.williams2@example.com,1-555-5507,61,UK,2026-02-02T16:20:22.075Z,I
CUST_000003,Sarah,Brown,invalid_email_3,1-555-5508,31,JP,2026-02-02T16:20:22.075Z,I
CUST_000003,Sarah,Brown,sarah.b@example.com,1-555-5508,31,JP,2026-02-05T16:20:22.075Z,U
CUST_000004,David,Jones,david.jones4@example.com,1-555-5509,63,IT,2026-02-02T16:20:22.075Z,I
CUST_000005,Emily,Garcia,emily.garcia5@example.com,1-555-5510,69,CA,2026-02-02T16:20:22.075Z,I
CUST_000006,James,Miller,james.miller6@example.com,1-555-5511,27,ES,2026-02-02T16:20:22.075Z,I
CUST_000007,Lisa,Davis,lisa.davis7@example.com,1-555-5512,40,BR,2026-02-02T16:20:22.075Z,I
CUST_000008,Robert,Rodriguez,robert.rodriguez8@example.com,1-555-5513,52,IT,2026-02-02T16:20:22.075Z,I
CUST_000009,Maria,Martinez,maria.martinez9@example.com,1-555-5514,57,BR,2026-02-02T16:20:22.075Z,I
CUST_000010,John,Smith,invalid_email_10,1-555-5515,67,UK,2026-02-02T16:20:22.075Z,I
CUST_000011,Jane,Johnson,jane.johnson11@example.com,1-555-5516,47,CA,2026-02-02T16:20:22.075Z,I
CUST_000012,Michael,Williams,michael.williams12@example.com,1-555-5517,35,BR,2026-02-02T16:20:22.075Z,I
CUST_000013,Sarah,Brown,sarah.brown13@example.com,1-555-5518,33,AU,2026-02-02T16:20:22.075Z,I
CUST_000014,David,Jones,david.jones14@example.com,1-555-5519,58,ES,2026-02-02T16:20:22.075Z,I
CUST_000015,Emily,Garcia,emily.garcia15@example.com,1-555-5520,69,IT,2026-02-02T16:20:22.075Z,I
CUST_000016,James,Miller,james.miller16@example.com,1-555-5521,78,DE,2026-02-02T16:20:22.075Z,I
CUST_000017,Lisa,Davis,lisa.davis17@example.com,1-555-5522,76,CA,2026-02-02T16:20:22.075Z,I
CUST_000018,Robert,Rodriguez,robert.rodriguez18@example.com,1-555-5523,53,FR,2026-02-02T16:20:22.075Z,I
CUST_000019,Maria,Martinez,maria.martinez19@example.com,1-555-5524,43,DE,2026-02-02T16:20:22.075Z,I
CUST_000020,John,Smith,invalid_email_20,1-555-5525,73,CA,2026-02-02T16:20:22.075Z,I
CUST_000021,Jane,Johnson,jane.johnson21@example.com,1-555-5526,45,IT,2026-02-02T16:20:22.075Z,I
CUST_000022,Michael,Williams,michael.williams22@example.com,1-555-5527,80,UK,2026-02-02T16:20:22.075Z,I
CUST_000023,Sarah,Brown,sarah.brown23@example.com,1-555-5528,39,FR,2026-02-02T16:20:22.075Z,I
CUST_000024,David,Jones,david.jones24@example.com,1-555-5529,79,JP,2026-02-02T16:20:22.075Z,I
CUST_000025,Emily,Garcia,emily.garcia25@example.com,1-555-5530,37,BR,2026-02-02T16:20:22.075Z,I
CUST_000026,James,Miller,james.miller26@example.com,1-555-5531,28,JP,2026-02-02T16:20:22.075Z,I
CUST_000027,Lisa,Davis,lisa.davis27@example.com,1-555-5532,25,FR,2026-02-02T16:20:22.075Z,I
CUST_000028,Robert,Rodriguez,robert.rodriguez28@example.com,1-555-5533,54,UK,2026-02-02T16:20:22.075Z,I
CUST_000029,Maria,Martinez,maria.martinez29@example.com,1-555-5534,52,CA,2026-02-02T16:20:22.075Z,I
CUST_000030,John,Smith,john.smith30@example.com,1-555-5535,28,JP,2026-02-02T16:20:22.075Z,I
CUST_000031,Jane,Johnson,jane.johnson31@example.com,1-555-5536,77,DE,2026-02-02T16:20:22.075Z,I
CUST_000032,Michael,Williams,michael.williams32@example.com,1-555-5537,59,AU,2026-02-02T16:20:22.075Z,I
CUST_000033,Sarah,Brown,invalid_email_33,1-555-5538,22,US,2026-02-02T16:20:22.075Z,I
CUST_000034,David,Jones,david.jones34@example.com,1-555-5539,18,US,2026-02-02T16:20:22.075Z,I
CUST_000035,Emily,Garcia,emily.garcia35@example.com,1-555-5540,73,UK,2026-02-02T16:20:22.075Z,I
CUST_000036,James,Miller,james.miller36@example.com,1-555-5541,49,JP,2026-02-02T16:20:22.075Z,I
CUST_000037,Lisa,Davis,lisa.davis37@example.com,1-555-5542,48,DE,2026-02-02T16:20:22.075Z,I
CUST_000038,Robert,Rodriguez,robert.rodriguez38@example.com,1-555-5543,40,IT,2026-02-02T16:20:22.075Z,I
CUST_000039,Maria,Martinez,maria.martinez39@example.com,1-555-5544,80,US,2026-02-02T16:20:22.075Z,I
CUST_000040,John,Smith,john.smith40@example.com,1-555-5545,24,DE,2026-02-02T16:20:22.075Z,I
CUST_000041,Jane,Johnson,invalid_email_41,1-555-5546,35,DE,2026-02-02T16:20:22.075Z,I
CUST_000042,Michael,Williams,michael.williams42@example.com,1-555-5547,72,US,2026-02-02T16:20:22.075Z,I
CUST_000043,Sarah,Brown,sarah.brown43@example.com,1-555-5548,77,CA,2026-02-02T16:20:22.075Z,I
CUST_000044,David,Jones,david.jones44@example.com,1-555-5549,73,US,2026-02-02T16:20:22.075Z,I
CUST_000045,Emily,Garcia,user45@example.com,1-555-5550,150,FR,2026-02-02T16:20:22.075Z,I
CUST_000045,Emily,Garcia,user45@example.com,1-555-5550,55,FR,2026-02-08T16:20:22.075Z,U
CUST_000046,James,Miller,james.miller46@example.com,1-555-5551,36,US,2026-02-02T16:20:22.075Z,I
CUST_000047,Lisa,Davis,lisa.davis47@example.com,1-555-5552,21,BR,2026-02-02T16:20:22.076Z,I
CUST_000048,Robert,Rodriguez,,1-555-5553,23,UK,2026-02-02T16:20:22.076Z,I
CUST_000048,Robert,Rodriguez,rob.rob@example.com,1-555-5553,23,UK,2026-02-08T16:20:22.076Z,U
CUST_000049,Maria,Martinez,maria.martinez49@example.com,1-555-5554,33,UK,2026-02-02T16:20:22.076Z,I
CUST_000050,John,Smith,john.smith50@example.com,1-555-5555,20,IT,2026-02-02T16:20:22.076Z,I
CUST_000051,Jane,Johnson,jane.johnson51@example.com,1-555-5556,31,DE,2026-02-02T16:20:22.076Z,I
CUST_000052,Michael,Williams,,1-555-5557,37,ES,2026-02-02T16:20:22.076Z,I
CUST_000053,Sarah,Brown,sarah.brown53@example.com,1-555-5558,54,UK,2026-02-02T16:20:22.076Z,I
CUST_000054,David,Jones,david.jones54@example.com,1-555-5559,26,UK,2026-02-02T16:20:22.076Z,I
CUST_000055,Emily,Garcia,emily.garcia55@example.com,1-555-5560,46,FR,2026-02-02T16:20:22.076Z,I
CUST_000056,James,Miller,james.miller56@example.com,1-555-5561,53,UK,2026-02-02T16:20:22.076Z,I
CUST_000057,Lisa,Davis,invalid_email_57,1-555-5562,65,FR,2026-02-02T16:20:22.076Z,I
CUST_000058,Robert,Rodriguez,robert.rodriguez58@example.com,1-555-5563,31,JP,2026-02-02T16:20:22.076Z,I
CUST_000059,Maria,Martinez,maria.martinez59@example.com,1-555-5564,72,UK,2026-02-02T16:20:22.076Z,I
CUST_000060,John,Smith,john.smith60@example.com,1-555-5565,20,ES,2026-02-02T16:20:22.076Z,I
CUST_000061,Jane,Johnson,jane.johnson61@example.com,1-555-5566,46,JP,2026-02-02T16:20:22.076Z,I
CUST_000062,Michael,Williams,,1-555-5567,75,JP,2026-02-02T16:20:22.076Z,I
CUST_000063,Sarah,Brown,sarah.brown63@example.com,1-555-5568,27,CA,2026-02-02T16:20:22.076Z,I
CUST_000064,David,Jones,david.jones64@example.com,1-555-5569,77,ES,2026-02-02T16:20:22.076Z,I
CUST_000065,Emily,Garcia,emily.garcia65@example.com,1-555-5570,40,BR,2026-02-02T16:20:22.076Z,I
CUST_000066,James,Miller,james.miller66@example.com,1-555-5571,80,IT,2026-02-02T16:20:22.076Z,I
CUST_000067,Lisa,Davis,lisa.davis67@example.com,1-555-5572,39,DE,2026-02-02T16:20:22.076Z,I
CUST_000068,Robert,Rodriguez,robert.rodriguez68@example.com,1-555-5573,24,US,2026-02-02T16:20:22.076Z,I
CUST_000069,Maria,Martinez,maria.martinez69@example.com,1-555-5574,76,ES,2026-02-02T16:20:22.076Z,I
CUST_000070,John,Smith,john.smith70@example.com,1-555-5575,60,IT,2026-02-02T16:20:22.076Z,I
CUST_000071,Jane,Johnson,jane.johnson71@example.com,1-555-5576,79,ES,2026-02-02T16:20:22.076Z,I
CUST_000072,Michael,Williams,michael.williams72@example.com,1-555-5577,71,ES,2026-02-02T16:20:22.076Z,I
CUST_000073,Sarah,Brown,sarah.brown73@example.com,1-555-5578,34,BR,2026-02-02T16:20:22.076Z,I
CUST_000074,David,Jones,user74@example.com,1-555-5579,150,IT,2026-02-02T16:20:22.076Z,I
CUST_000075,Emily,Garcia,emily.garcia75@example.com,1-555-5580,54,FR,2026-02-02T16:20:22.076Z,I
CUST_000076,James,Miller,,1-555-5581,61,ES,2026-02-02T16:20:22.076Z,I
CUST_000077,Lisa,Davis,lisa.davis77@example.com,1-555-5582,76,BR,2026-02-02T16:20:22.076Z,I
CUST_000078,Robert,Rodriguez,robert.rodriguez78@example.com,1-555-5583,37,FR,2026-02-02T16:20:22.076Z,I
CUST_000079,Maria,Martinez,maria.martinez79@example.com,1-555-5584,62,JP,2026-02-02T16:20:22.076Z,I
CUST_000080,John,Smith,john.smith80@example.com,1-555-5585,78,CA,2026-02-02T16:20:22.076Z,I
CUST_000081,Jane,Johnson,jane.johnson81@example.com,1-555-5586,71,FR,2026-02-02T16:20:22.076Z,I
CUST_000082,Michael,Williams,michael.williams82@example.com,1-555-5587,55,AU,2026-02-02T16:20:22.076Z,I
CUST_000083,Sarah,Brown,sarah.brown83@example.com,1-555-5588,50,CA,2026-02-02T16:20:22.076Z,I
CUST_000084,David,Jones,david.jones84@example.com,1-555-5589,60,UK,2026-02-02T16:20:22.076Z,I
CUST_000085,Emily,Garcia,emily.garcia85@example.com,1-555-5590,30,US,2026-02-02T16:20:22.076Z,I
CUST_000086,James,Miller,james.miller86@example.com,1-555-5591,57,AU,2026-02-02T16:20:22.076Z,I
CUST_000087,Lisa,Davis,lisa.davis87@example.com,1-555-5592,42,IT,2026-02-02T16:20:22.076Z,I
CUST_000088,Robert,Rodriguez,robert.rodriguez88@example.com,1-555-5593,18,IT,2026-02-02T16:20:22.076Z,I
CUST_000089,Maria,Martinez,maria.martinez89@example.com,1-555-5594,62,AU,2026-02-02T16:20:22.076Z,I
CUST_000090,John,Smith,john.smith90@example.com,1-555-5595,25,CA,2026-02-02T16:20:22.076Z,I
CUST_000091,Jane,Johnson,jane.johnson91@example.com,1-555-5596,75,BR,2026-02-02T16:20:22.076Z,I
CUST_000092,Michael,Williams,michael.williams92@example.com,1-555-5597,53,CA,2026-02-02T16:20:22.076Z,I
CUST_000093,Sarah,Brown,sarah.brown93@example.com,1-555-5598,33,JP,2026-02-02T16:20:22.076Z,I
CUST_000094,David,Jones,david.jones94@example.com,1-555-5599,22,DE,2026-02-02T16:20:22.076Z,I
CUST_000095,Emily,Garcia,emily.garcia95@example.com,1-555-5600,52,CA,2026-02-02T16:20:22.076Z,I
CUST_000096,James,Miller,james.miller96@example.com,1-555-5601,27,UK,2026-02-02T16:20:22.076Z,I
CUST_000097,Lisa,Davis,lisa.davis97@example.com,1-555-5602,47,US,2026-02-02T16:20:22.076Z,I
CUST_000098,Robert,Rodriguez,robert.rodriguez98@example.com,1-555-5603,67,BR,2026-02-02T16:20:22.076Z,I
CUST_000099,Maria,Martinez,user99@example.com,1-555-5604,150,IT,2026-02-02T16:20:22.076Z,I
CUST_000100,John,Smith,john.smith100@example.com,1-555-5605,35,AU,2026-02-02T16:20:22.076Z,I
CUST_000101,Jane,Johnson,jane.johnson101@example.com,1-555-5606,61,CA,2026-02-02T16:20:22.076Z,I
CUST_000102,Michael,Williams,michael.williams102@example.com,1-555-5607,52,IT,2026-02-02T16:20:22.076Z,I
CUST_000103,Sarah,Brown,user103@example.com,1-555-5608,-5,CA,2026-02-02T16:20:22.076Z,I
CUST_000104,David,Jones,david.jones104@example.com,1-555-5609,31,ES,2026-02-02T16:20:22.076Z,I
CUST_000105,Emily,Garcia,emily.garcia105@example.com,1-555-5610,78,FR,2026-02-02T16:20:22.076Z,I
CUST_000106,James,Miller,,1-555-5611,21,DE,2026-02-02T16:20:22.076Z,I
CUST_000107,Lisa,Davis,lisa.davis107@example.com,1-555-5612,59,US,2026-02-02T16:20:22.076Z,I
CUST_000108,Robert,Rodriguez,robert.rodriguez108@example.com,1-555-5613,57,DE,2026-02-02T16:20:22.076Z,I
CUST_000109,Maria,Martinez,maria.martinez109@example.com,1-555-5614,54,AU,2026-02-02T16:20:22.076Z,I
CUST_000110,John,Smith,john.smith110@example.com,1-555-5615,28,CA,2026-02-02T16:20:22.076Z,I
CUST_000111,Jane,Johnson,jane.johnson111@example.com,1-555-5616,77,BR,2026-02-02T16:20:22.076Z,I
CUST_000112,Michael,Williams,michael.williams112@example.com,1-555-5617,63,UK,2026-02-02T16:20:22.076Z,I
CUST_000113,Sarah,Brown,user113@example.com,1-555-5618,999,BR,2026-02-02T16:20:22.076Z,I
CUST_000114,David,Jones,david.jones114@example.com,1-555-5619,60,UK,2026-02-02T16:20:22.076Z,I
CUST_000115,Emily,Garcia,user115@example.com,1-555-5620,150,IT,2026-02-02T16:20:22.076Z,I
CUST_000116,James,Miller,james.miller116@example.com,1-555-5621,45,JP,2026-02-02T16:20:22.076Z,I
CUST_000117,Lisa,Davis,lisa.davis117@example.com,1-555-5622,76,AU,2026-02-02T16:20:22.076Z,I
CUST_000118,Robert,Rodriguez,robert.rodriguez118@example.com,1-555-5623,55,ES,2026-02-02T16:20:22.076Z,I
CUST_000119,Maria,Martinez,maria.martinez119@example.com,1-555-5624,46,AU,2026-02-02T16:20:22.076Z,I
CUST_000120,John,Smith,john.smith120@example.com,1-555-5625,49,CA,2026-02-02T16:20:22.076Z,I
CUST_000121,Jane,Johnson,jane.johnson121@example.com,1-555-5626,34,FR,2026-02-02T16:20:22.076Z,I
CUST_000122,Michael,Williams,michael.williams122@example.com,1-555-5627,51,UK,2026-02-02T16:20:22.076Z,I
CUST_000123,Sarah,Brown,sarah.brown123@example.com,1-555-5628,66,AU,2026-02-02T16:20:22.076Z,I
CUST_000124,David,Jones,david.jones124@example.com,1-555-5629,19,FR,2026-02-02T16:20:22.076Z,I
CUST_000125,Emily,Garcia,emily.garcia125@example.com,1-555-5630,37,AU,2026-02-02T16:20:22.076Z,I
CUST_000126,James,Miller,james.miller126@example.com,1-555-5631,65,ES,2026-02-02T16:20:22.076Z,I
CUST_000127,Lisa,Davis,lisa.davis127@example.com,1-555-5632,34,UK,2026-02-02T16:20:22.076Z,I
CUST_000128,Robert,Rodriguez,,1-555-5633,78,DE,2026-02-02T16:20:22.076Z,I
CUST_000129,Maria,Martinez,maria.martinez129@example.com,1-555-5634,55,BR,2026-02-02T16:20:22.076Z,I
CUST_000130,John,Smith,john.smith130@example.com,1-555-5635,36,ES,2026-02-02T16:20:22.076Z,I
CUST_000131,Jane,Johnson,,1-555-5636,26,US,2026-02-02T16:20:22.076Z,I
CUST_000132,Michael,Williams,michael.williams132@example.com,1-555-5637,26,UK,2026-02-02T16:20:22.076Z,I
CUST_000133,Sarah,Brown,sarah.brown133@example.com,1-555-5638,46,CA,2026-02-02T16:20:22.076Z,I
CUST_000134,David,Jones,david.jones134@example.com,1-555-5639,48,UK,2026-02-02T16:20:22.076Z,I
CUST_000135,Emily,Garcia,,1-555-5640,61,CA,2026-02-02T16:20:22.076Z,I
CUST_000136,James,Miller,invalid_email_136,1-555-5641,25,BR,2026-02-02T16:20:22.076Z,I
CUST_000137,Lisa,Davis,lisa.davis137@example.com,1-555-5642,42,AU,2026-02-02T16:20:22.076Z,I
CUST_000138,Robert,Rodriguez,robert.rodriguez138@example.com,1-555-5643,57,BR,2026-02-02T16:20:22.076Z,I
CUST_000139,Maria,Martinez,maria.martinez139@example.com,1-555-5644,34,CA,2026-02-02T16:20:22.076Z,I
CUST_000140,John,Smith,john.smith140@example.com,1-555-5645,28,IT,2026-02-02T16:20:22.076Z,I
CUST_000141,Jane,Johnson,jane.johnson141@example.com,1-555-5646,32,FR,2026-02-02T16:20:22.076Z,I
CUST_000142,Michael,Williams,invalid_email_142,1-555-5647,77,BR,2026-02-02T16:20:22.076Z,I
CUST_000143,Sarah,Brown,sarah.brown143@example.com,1-555-5648,52,CA,2026-02-02T16:20:22.076Z,I
CUST_000144,David,Jones,invalid_email_144,1-555-5649,68,BR,2026-02-02T16:20:22.076Z,I
CUST_000145,Emily,Garcia,emily.garcia145@example.com,1-555-5650,47,IT,2026-02-02T16:20:22.076Z,I
CUST_000146,James,Miller,james.miller146@example.com,1-555-5651,56,IT,2026-02-02T16:20:22.076Z,I
CUST_000147,Lisa,Davis,invalid_email_147,1-555-5652,79,FR,2026-02-02T16:20:22.076Z,I
CUST_000148,Robert,Rodriguez,robert.rodriguez148@example.com,1-555-5653,29,JP,2026-02-02T16:20:22.076Z,I
CUST_000149,Maria,Martinez,maria.martinez149@example.com,1-555-5654,29,AU,2026-02-02T16:20:22.076Z,I
CUST_000150,John,Smith,john.smith150@example.com,1-555-5655,39,UK,2026-02-02T16:20:22.076Z,I
CUST_000151,Jane,Johnson,jane.johnson151@example.com,1-555-5656,49,IT,2026-02-02T16:20:22.076Z,I
CUST_000152,Michael,Williams,michael.williams152@example.com,1-555-5657,38,ES,2026-02-02T16:20:22.076Z,I
CUST_000153,Sarah,Brown,sarah.brown153@example.com,1-555-5658,70,JP,2026-02-02T16:20:22.076Z,I
CUST_000154,David,Jones,,1-555-5659,41,AU,2026-02-02T16:20:22.076Z,I
CUST_000155,Emily,Garcia,emily.garcia155@example.com,1-555-5660,26,AU,2026-02-02T16:20:22.076Z,I
CUST_000156,James,Miller,,1-555-5661,56,CA,2026-02-02T16:20:22.076Z,I
CUST_000157,Lisa,Davis,lisa.davis157@example.com,1-555-5662,23,UK,2026-02-02T16:20:22.076Z,I
CUST_000158,Robert,Rodriguez,robert.rodriguez158@example.com,1-555-5663,27,FR,2026-02-02T16:20:22.076Z,I
CUST_000159,Maria,Martinez,maria.martinez159@example.com,1-555-5664,48,DE,2026-02-02T16:20:22.076Z,I
CUST_000160,John,Smith,john.smith160@example.com,1-555-5665,76,CA,2026-02-02T16:20:22.076Z,I
CUST_000161,Jane,Johnson,jane.johnson161@example.com,1-555-5666,72,ES,2026-02-02T16:20:22.076Z,I
CUST_000162,Michael,Williams,michael.williams162@example.com,1-555-5667,36,BR,2026-02-02T16:20:22.076Z,I
CUST_000163,Sarah,Brown,sarah.brown163@example.com,1-555-5668,46,AU,2026-02-02T16:20:22.076Z,I
CUST_000164,David,Jones,david.jones164@example.com,1-555-5669,52,AU,2026-02-02T16:20:22.076Z,I
CUST_000165,Emily,Garcia,emily.garcia165@example.com,1-555-5670,33,DE,2026-02-02T16:20:22.077Z,I
CUST_000166,James,Miller,james.miller166@example.com,1-555-5671,48,IT,2026-02-02T16:20:22.077Z,I
CUST_000167,Lisa,Davis,lisa.davis167@example.com,1-555-5672,20,JP,2026-02-02T16:20:22.077Z,I
CUST_000168,Robert,Rodriguez,robert.rodriguez168@example.com,1-555-5673,73,UK,2026-02-02T16:20:22.077Z,I
CUST_000169,Maria,Martinez,invalid_email_169,1-555-5674,44,UK,2026-02-02T16:20:22.077Z,I
CUST_000170,John,Smith,john.smith170@example.com,1-555-5675,62,UK,2026-02-02T16:20:22.077Z,I
CUST_000171,Jane,Johnson,jane.johnson171@example.com,1-555-5676,58,JP,2026-02-02T16:20:22.077Z,I
CUST_000172,Michael,Williams,michael.williams172@example.com,1-555-5677,61,DE,2026-02-02T16:20:22.077Z,I
CUST_000173,Sarah,Brown,sarah.brown173@example.com,1-555-5678,66,AU,2026-02-02T16:20:22.077Z,I
CUST_000174,David,Jones,david.jones174@example.com,1-555-5679,20,US,2026-02-02T16:20:22.077Z,I
CUST_000175,Emily,Garcia,emily.garcia175@example.com,1-555-5680,27,JP,2026-02-02T16:20:22.077Z,I
CUST_000176,James,Miller,james.miller176@example.com,1-555-5681,23,BR,2026-02-02T16:20:22.077Z,I
CUST_000177,Lisa,Davis,lisa.davis177@example.com,1-555-5682,55,DE,2026-02-02T16:20:22.077Z,I
CUST_000178,Robert,Rodriguez,robert.rodriguez178@example.com,1-555-5683,60,AU,2026-02-02T16:20:22.077Z,I
CUST_000179,Maria,Martinez,user179@example.com,1-555-5684,999,IT,2026-02-02T16:20:22.077Z,I
CUST_000180,John,Smith,john.smith180@example.com,1-555-5685,37,IT,2026-02-02T16:20:22.077Z,I
CUST_000181,Jane,Johnson,jane.johnson181@example.com,1-555-5686,54,BR,2026-02-02T16:20:22.077Z,I
CUST_000182,Michael,Williams,,1-555-5687,43,US,2026-02-02T16:20:22.077Z,I
CUST_000183,Sarah,Brown,sarah.brown183@example.com,1-555-5688,65,FR,2026-02-02T16:20:22.077Z,I
CUST_000184,David,Jones,david.jones184@example.com,1-555-5689,30,CA,2026-02-02T16:20:22.077Z,I
CUST_000185,Emily,Garcia,emily.garcia185@example.com,1-555-5690,59,FR,2026-02-02T16:20:22.077Z,I
CUST_000186,James,Miller,james.miller186@example.com,1-555-5691,64,UK,2026-02-02T16:20:22.077Z,I
CUST_000187,Lisa,Davis,lisa.davis187@example.com,1-555-5692,29,CA,2026-02-02T16:20:22.077Z,I
CUST_000188,Robert,Rodriguez,robert.rodriguez188@example.com,1-555-5693,76,CA,2026-02-02T16:20:22.077Z,I
CUST_000189,Maria,Martinez,maria.martinez189@example.com,1-555-5694,36,UK,2026-02-02T16:20:22.077Z,I
CUST_000190,John,Smith,invalid_email_190,1-555-5695,73,JP,2026-02-02T16:20:22.077Z,I
CUST_000191,Jane,Johnson,jane.johnson191@example.com,1-555-5696,18,JP,2026-02-02T16:20:22.077Z,I
CUST_000192,Michael,Williams,michael.williams192@example.com,1-555-5697,65,BR,2026-02-02T16:20:22.077Z,I
CUST_000193,Sarah,Brown,invalid_email_193,1-555-5698,48,BR,2026-02-02T16:20:22.077Z,I
CUST_000194,David,Jones,david.jones194@example.com,1-555-5699,32,AU,2026-02-02T16:20:22.077Z,I
CUST_000195,Emily,Garcia,emily.garcia195@example.com,1-555-5700,25,US,2026-02-02T16:20:22.077Z,I
CUST_000196,James,Miller,james.miller196@example.com,1-555-5701,25,DE,2026-02-02T16:20:22.077Z,I
CUST_000197,Lisa,Davis,lisa.davis197@example.com,1-555-5702,41,IT,2026-02-02T16:20:22.077Z,I
CUST_000198,Robert,Rodriguez,robert.rodriguez198@example.com,1-555-5703,59,AU,2026-02-02T16:20:22.077Z,I
CUST_000199,Maria,Martinez,maria.martinez199@example.com,1-555-5704,35,ES,2026-02-02T16:20:22.077Z,I
CUST_000200,John,Smith,john.smith200@example.com,1-555-5705,33,UK,2026-02-02T16:20:22.077Z,I
CUST_000201,Jane,Johnson,jane.johnson201@example.com,1-555-5706,80,US,2026-02-02T16:20:22.077Z,I
CUST_000202,Michael,Williams,michael.williams202@example.com,1-555-5707,25,UK,2026-02-02T16:20:22.077Z,I
CUST_000203,Sarah,Brown,sarah.brown203@example.com,1-555-5708,56,US,2026-02-02T16:20:22.077Z,I
CUST_000204,David,Jones,david.jones204@example.com,1-555-5709,68,UK,2026-02-02T16:20:22.077Z,I
CUST_000205,Emily,Garcia,emily.garcia205@example.com,1-555-5710,70,ES,2026-02-02T16:20:22.077Z,I
CUST_000206,James,Miller,james.miller206@example.com,1-555-5711,80,CA,2026-02-02T16:20:22.077Z,I
CUST_000207,Lisa,Davis,lisa.davis207@example.com,1-555-5712,25,CA,2026-02-02T16:20:22.077Z,I
CUST_000208,Robert,Rodriguez,robert.rodriguez208@example.com,1-555-5713,33,US,2026-02-02T16:20:22.077Z,I
CUST_000209,Maria,Martinez,,1-555-5714,44,UK,2026-02-02T16:20:22.077Z,I
CUST_000210,John,Smith,john.smith210@example.com,1-555-5715,41,BR,2026-02-02T16:20:22.077Z,I
CUST_000211,Jane,Johnson,jane.johnson211@example.com,1-555-5716,78,JP,2026-02-02T16:20:22.077Z,I
CUST_000212,Michael,Williams,michael.williams212@example.com,1-555-5717,19,AU,2026-02-02T16:20:22.077Z,I
CUST_000213,Sarah,Brown,sarah.brown213@example.com,1-555-5718,49,UK,2026-02-02T16:20:22.077Z,I
CUST_000214,David,Jones,david.jones214@example.com,1-555-5719,22,FR,2026-02-02T16:20:22.077Z,I
CUST_000215,Emily,Garcia,emily.garcia215@example.com,1-555-5720,56,FR,2026-02-02T16:20:22.077Z,I
CUST_000216,James,Miller,,1-555-5721,25,IT,2026-02-02T16:20:22.077Z,I
CUST_000217,Lisa,Davis,lisa.davis217@example.com,1-555-5722,70,IT,2026-02-02T16:20:22.077Z,I
CUST_000218,Robert,Rodriguez,robert.rodriguez218@example.com,1-555-5723,38,ES,2026-02-02T16:20:22.077Z,I
CUST_000219,Maria,Martinez,invalid_email_219,1-555-5724,23,UK,2026-02-02T16:20:22.077Z,I
CUST_000220,John,Smith,john.smith220@example.com,1-555-5725,55,UK,2026-02-02T16:20:22.077Z,I
CUST_000221,Jane,Johnson,jane.johnson221@example.com,1-555-5726,78,US,2026-02-02T16:20:22.077Z,I
CUST_000222,Michael,Williams,michael.williams222@example.com,1-555-5727,54,DE,2026-02-02T16:20:22.077Z,I
CUST_000223,Sarah,Brown,sarah.brown223@example.com,1-555-5728,24,JP,2026-02-02T16:20:22.077Z,I
CUST_000224,David,Jones,david.jones224@example.com,1-555-5729,54,IT,2026-02-02T16:20:22.077Z,I
CUST_000225,Emily,Garcia,emily.garcia225@example.com,1-555-5730,60,US,2026-02-02T16:20:22.077Z,I
CUST_000226,James,Miller,james.miller226@example.com,1-555-5731,37,ES,2026-02-02T16:20:22.077Z,I
CUST_000227,Lisa,Davis,lisa.davis227@example.com,1-555-5732,54,UK,2026-02-02T16:20:22.077Z,I
CUST_000228,Robert,Rodriguez,,1-555-5733,31,IT,2026-02-02T16:20:22.077Z,I
CUST_000229,Maria,Martinez,maria.martinez229@example.com,1-555-5734,37,BR,2026-02-02T16:20:22.077Z,I
CUST_000230,John,Smith,john.smith230@example.com,1-555-5735,27,BR,2026-02-02T16:20:22.077Z,I
CUST_000231,Jane,Johnson,jane.johnson231@example.com,1-555-5736,60,AU,2026-02-02T16:20:22.077Z,I
CUST_000232,Michael,Williams,michael.williams232@example.com,1-555-5737,31,UK,2026-02-02T16:20:22.077Z,I
CUST_000233,Sarah,Brown,,1-555-5738,61,JP,2026-02-02T16:20:22.077Z,I
CUST_000234,David,Jones,user234@example.com,1-555-5739,999,US,2026-02-02T16:20:22.077Z,I
CUST_000235,Emily,Garcia,emily.garcia235@example.com,1-555-5740,67,FR,2026-02-02T16:20:22.077Z,I
CUST_000236,James,Miller,user236@example.com,1-555-5741,999,CA,2026-02-02T16:20:22.077Z,I
CUST_000237,Lisa,Davis,lisa.davis237@example.com,1-555-5742,32,JP,2026-02-02T16:20:22.077Z,I
CUST_000238,Robert,Rodriguez,,1-555-5743,20,US,2026-02-02T16:20:22.077Z,I
CUST_000239,Maria,Martinez,maria.martinez239@example.com,1-555-5744,54,BR,2026-02-02T16:20:22.077Z,I
CUST_000240,John,Smith,john.smith240@example.com,1-555-5745,43,ES,2026-02-02T16:20:22.077Z,I
CUST_000241,Jane,Johnson,jane.johnson241@example.com,1-555-5746,76,UK,2026-02-02T16:20:22.077Z,I
CUST_000242,Michael,Williams,michael.williams242@example.com,1-555-5747,55,JP,2026-02-02T16:20:22.077Z,I
CUST_000243,Sarah,Brown,sarah.brown243@example.com,1-555-5748,65,DE,2026-02-02T16:20:22.077Z,I
CUST_000244,David,Jones,,1-555-5749,25,JP,2026-02-02T16:20:22.077Z,I
CUST_000245,Emily,Garcia,emily.garcia245@example.com,1-555-5750,79,DE,2026-02-02T16:20:22.077Z,I
CUST_000246,James,Miller,james.miller246@example.com,1-555-5751,29,UK,2026-02-02T16:20:22.077Z,I
CUST_000247,Lisa,Davis,lisa.davis247@example.com,1-555-5752,54,BR,2026-02-02T16:20:22.077Z,I
CUST_000248,Robert,Rodriguez,robert.rodriguez248@example.com,1-555-5753,58,CA,2026-02-02T16:20:22.077Z,I
CUST_000249,Maria,Martinez,maria.martinez249@example.com,1-555-5754,58,FR,2026-02-02T16:20:22.077Z,I
CUST_000250,John,Smith,john.smith250@example.com,1-555-5755,22,AU,2026-02-02T16:20:22.077Z,I
CUST_000251,Jane,Johnson,user251@example.com,1-555-5756,-5,BR,2026-02-02T16:20:22.077Z,I
CUST_000252,Michael,Williams,michael.williams252@example.com,1-555-5757,53,AU,2026-02-02T16:20:22.077Z,I
CUST_000253,Sarah,Brown,sarah.brown253@example.com,1-555-5758,48,CA,2026-02-02T16:20:22.077Z,I
CUST_000254,David,Jones,user254@example.com,1-555-5759,999,JP,2026-02-02T16:20:22.077Z,I
CUST_000255,Emily,Garcia,,1-555-5760,46,JP,2026-02-02T16:20:22.077Z,I
CUST_000256,James,Miller,james.miller256@example.com,1-555-5761,76,IT,2026-02-02T16:20:22.077Z,I
CUST_000257,Lisa,Davis,lisa.davis257@example.com,1-555-5762,21,UK,2026-02-02T16:20:22.077Z,I
CUST_000258,Robert,Rodriguez,robert.rodriguez258@example.com,1-555-5763,42,FR,2026-02-02T16:20:22.077Z,I
CUST_000259,Maria,Martinez,maria.martinez259@example.com,1-555-5764,55,ES,2026-02-02T16:20:22.077Z,I
CUST_000260,John,Smith,,1-555-5765,78,FR,2026-02-02T16:20:22.077Z,I
CUST_000261,Jane,Johnson,jane.johnson261@example.com,1-555-5766,39,JP,2026-02-02T16:20:22.077Z,I
CUST_000262,Michael,Williams,michael.williams262@example.com,1-555-5767,19,FR,2026-02-02T16:20:22.077Z,I
CUST_000263,Sarah,Brown,sarah.brown263@example.com,1-555-5768,67,DE,2026-02-02T16:20:22.077Z,I
CUST_000264,David,Jones,david.jones264@example.com,1-555-5769,36,JP,2026-02-02T16:20:22.077Z,I
CUST_000265,Emily,Garcia,emily.garcia265@example.com,1-555-5770,74,BR,2026-02-02T16:20:22.077Z,I
CUST_000266,James,Miller,james.miller266@example.com,1-555-5771,71,AU,2026-02-02T16:20:22.077Z,I
CUST_000267,Lisa,Davis,lisa.davis267@example.com,1-555-5772,64,AU,2026-02-02T16:20:22.077Z,I
CUST_000268,Robert,Rodriguez,robert.rodriguez268@example.com,1-555-5773,68,DE,2026-02-02T16:20:22.077Z,I
CUST_000269,Maria,Martinez,maria.martinez269@example.com,1-555-5774,69,DE,2026-02-02T16:20:22.077Z,I
CUST_000270,John,Smith,john.smith270@example.com,1-555-5775,36,JP,2026-02-02T16:20:22.077Z,I
CUST_000271,Jane,Johnson,jane.johnson271@example.com,1-555-5776,70,BR,2026-02-02T16:20:22.077Z,I
CUST_000272,Michael,Williams,user272@example.com,1-555-5777,150,JP,2026-02-02T16:20:22.077Z,I
CUST_000273,Sarah,Brown,invalid_email_273,1-555-5778,35,JP,2026-02-02T16:20:22.077Z,I
CUST_000274,David,Jones,invalid_email_274,1-555-5779,70,ES,2026-02-02T16:20:22.077Z,I
CUST_000275,Emily,Garcia,,1-555-5780,41,IT,2026-02-02T16:20:22.077Z,I
CUST_000276,James,Miller,james.miller276@example.com,1-555-5781,38,ES,2026-02-02T16:20:22.077Z,I
CUST_000277,Lisa,Davis,user277@example.com,1-555-5782,999,AU,2026-02-02T16:20:22.077Z,I
CUST_000278,Robert,Rodriguez,robert.rodriguez278@example.com,1-555-5783,19,DE,2026-02-02T16:20:22.077Z,I
CUST_000279,Maria,Martinez,user279@example.com,1-555-5784,-5,UK,2026-02-02T16:20:22.077Z,I
CUST_000280,John,Smith,john.smith280@example.com,1-555-5785,68,UK,2026-02-02T16:20:22.077Z,I
CUST_000281,Jane,Johnson,jane.johnson281@example.com,1-555-5786,19,BR,2026-02-02T16:20:22.077Z,I
CUST_000282,Michael,Williams,michael.williams282@example.com,1-555-5787,18,DE,2026-02-02T16:20:22.077Z,I
CUST_000283,Sarah,Brown,sarah.brown283@example.com,1-555-5788,60,JP,2026-02-02T16:20:22.077Z,I
CUST_000284,David,Jones,david.jones284@example.com,1-555-5789,52,JP,2026-02-02T16:20:22.077Z,I
CUST_000285,Emily,Garcia,emily.garcia285@example.com,1-555-5790,48,IT,2026-02-02T16:20:22.077Z,I
CUST_000286,James,Miller,james.miller286@example.com,1-555-5791,40,ES,2026-02-02T16:20:22.077Z,I
CUST_000287,Lisa,Davis,lisa.davis287@example.com,1-555-5792,65,CA,2026-02-02T16:20:22.077Z,I
CUST_000288,Robert,Rodriguez,robert.rodriguez288@example.com,1-555-5793,70,AU,2026-02-02T16:20:22.077Z,I
CUST_000289,Maria,Martinez,maria.martinez289@example.com,1-555-5794,69,UK,2026-02-02T16:20:22.077Z,I
CUST_000290,John,Smith,john.smith290@example.com,1-555-5795,20,US,2026-02-02T16:20:22.077Z,I
CUST_000291,Jane,Johnson,jane.johnson291@example.com,1-555-5796,70,AU,2026-02-02T16:20:22.077Z,I
CUST_000292,Michael,Williams,michael.williams292@example.com,1-555-5797,30,ES,2026-02-02T16:20:22.077Z,I
CUST_000293,Sarah,Brown,sarah.brown293@example.com,1-555-5798,69,IT,2026-02-02T16:20:22.077Z,I
CUST_000294,David,Jones,david.jones294@example.com,1-555-5799,42,CA,2026-02-02T16:20:22.077Z,I
CUST_000295,Emily,Garcia,emily.garcia295@example.com,1-555-5800,69,FR,2026-02-02T16:20:22.077Z,I
CUST_000296,James,Miller,,1-555-5801,70,JP,2026-02-02T16:20:22.077Z,I
CUST_000297,Lisa,Davis,user297@example.com,1-555-5802,999,FR,2026-02-02T16:20:22.078Z,I
CUST_000298,Robert,Rodriguez,robert.rodriguez298@example.com,1-555-5803,46,AU,2026-02-02T16:20:22.078Z,I
CUST_000299,Maria,Martinez,maria.martinez299@example.com,1-555-5804,45,US,2026-02-02T16:20:22.078Z,I
CUST_000300,John,Smith,john.smith300@example.com,1-555-5805,69,US,2026-02-02T16:20:22.078Z,I
CUST_000301,Jane,Johnson,invalid_email_301,1-555-5806,33,ES,2026-02-02T16:20:22.078Z,I
CUST_000302,Michael,Williams,michael.williams302@example.com,1-555-5807,61,ES,2026-02-02T16:20:22.078Z,I
CUST_000303,Sarah,Brown,sarah.brown303@example.com,1-555-5808,54,JP,2026-02-02T16:20:22.078Z,I
CUST_000304,David,Jones,david.jones304@example.com,1-555-5809,35,UK,2026-02-02T16:20:22.078Z,I
CUST_000305,Emily,Garcia,emily.garcia305@example.com,1-555-5810,42,FR,2026-02-02T16:20:22.078Z,I
CUST_000306,James,Miller,james.miller306@example.com,1-555-5811,57,AU,2026-02-02T16:20:22.078Z,I
CUST_000307,Lisa,Davis,invalid_email_307,1-555-5812,46,AU,2026-02-02T16:20:22.078Z,I
CUST_000308,Robert,Rodriguez,robert.rodriguez308@example.com,1-555-5813,63,JP,2026-02-02T16:20:22.078Z,I
CUST_000309,Maria,Martinez,maria.martinez309@example.com,1-555-5814,72,CA,2026-02-02T16:20:22.078Z,I
CUST_000310,John,Smith,invalid_email_310,1-555-5815,68,DE,2026-02-02T16:20:22.078Z,I
CUST_000311,Jane,Johnson,jane.johnson311@example.com,1-555-5816,54,AU,2026-02-02T16:20:22.078Z,I
CUST_000312,Michael,Williams,michael.williams312@example.com,1-555-5817,23,FR,2026-02-02T16:20:22.078Z,I
CUST_000313,Sarah,Brown,sarah.brown313@example.com,1-555-5818,67,BR,2026-02-02T16:20:22.078Z,I
CUST_000314,David,Jones,david.jones314@example.com,1-555-5819,59,AU,2026-02-02T16:20:22.078Z,I
CUST_000315,Emily,Garcia,,1-555-5820,58,CA,2026-02-02T16:20:22.078Z,I
CUST_000316,James,Miller,james.miller316@example.com,1-555-5821,51,FR,2026-02-02T16:20:22.078Z,I
CUST_000317,Lisa,Davis,lisa.davis317@example.com,1-555-5822,63,ES,2026-02-02T16:20:22.078Z,I
CUST_000318,Robert,Rodriguez,robert.rodriguez318@example.com,1-555-5823,34,JP,2026-02-02T16:20:22.078Z,I
CUST_000319,Maria,Martinez,maria.martinez319@example.com,1-555-5824,57,UK,2026-02-02T16:20:22.078Z,I
CUST_000320,John,Smith,john.smith320@example.com,1-555-5825,55,CA,2026-02-02T16:20:22.078Z,I
CUST_000321,Jane,Johnson,jane.johnson321@example.com,1-555-5826,54,US,2026-02-02T16:20:22.078Z,I
CUST_000322,Michael,Williams,michael.williams322@example.com,1-555-5827,67,DE,2026-02-02T16:20:22.078Z,I
CUST_000323,Sarah,Brown,sarah.brown323@example.com,1-555-5828,19,JP,2026-02-02T16:20:22.078Z,I
CUST_000324,David,Jones,david.jones324@example.com,1-555-5829,69,FR,2026-02-02T16:20:22.078Z,I
CUST_000325,Emily,Garcia,emily.garcia325@example.com,1-555-5830,28,IT,2026-02-02T16:20:22.078Z,I
CUST_000326,James,Miller,james.miller326@example.com,1-555-5831,56,ES,2026-02-02T16:20:22.078Z,I
CUST_000327,Lisa,Davis,lisa.davis327@example.com,1-555-5832,26,JP,2026-02-02T16:20:22.078Z,I
CUST_000328,Robert,Rodriguez,robert.rodriguez328@example.com,1-555-5833,47,FR,2026-02-02T16:20:22.078Z,I
CUST_000329,Maria,Martinez,invalid_email_329,1-555-5834,36,BR,2026-02-02T16:20:22.078Z,I
CUST_000330,John,Smith,john.smith330@example.com,1-555-5835,75,ES,2026-02-02T16:20:22.078Z,I
CUST_000331,Jane,Johnson,jane.johnson331@example.com,1-555-5836,28,JP,2026-02-02T16:20:22.078Z,I
CUST_000332,Michael,Williams,michael.williams332@example.com,1-555-5837,49,UK,2026-02-02T16:20:22.078Z,I
CUST_000333,Sarah,Brown,sarah.brown333@example.com,1-555-5838,31,US,2026-02-02T16:20:22.078Z,I
CUST_000334,David,Jones,david.jones334@example.com,1-555-5839,74,FR,2026-02-02T16:20:22.078Z,I
CUST_000335,Emily,Garcia,emily.garcia335@example.com,1-555-5840,45,FR,2026-02-02T16:20:22.078Z,I
CUST_000336,James,Miller,james.miller336@example.com,1-555-5841,43,BR,2026-02-02T16:20:22.078Z,I
CUST_000337,Lisa,Davis,lisa.davis337@example.com,1-555-5842,36,IT,2026-02-02T16:20:22.078Z,I
CUST_000338,Robert,Rodriguez,robert.rodriguez338@example.com,1-555-5843,35,CA,2026-02-02T16:20:22.078Z,I
CUST_000339,Maria,Martinez,maria.martinez339@example.com,1-555-5844,39,CA,2026-02-02T16:20:22.078Z,I
CUST_000340,John,Smith,john.smith340@example.com,1-555-5845,20,CA,2026-02-02T16:20:22.078Z,I
CUST_000341,Jane,Johnson,jane.johnson341@example.com,1-555-5846,27,CA,2026-02-02T16:20:22.078Z,I
CUST_000342,Michael,Williams,michael.williams342@example.com,1-555-5847,57,BR,2026-02-02T16:20:22.078Z,I
CUST_000343,Sarah,Brown,sarah.brown343@example.com,1-555-5848,37,US,2026-02-02T16:20:22.078Z,I
CUST_000344,David,Jones,david.jones344@example.com,1-555-5849,80,BR,2026-02-02T16:20:22.078Z,I
CUST_000345,Emily,Garcia,emily.garcia345@example.com,1-555-5850,34,US,2026-02-02T16:20:22.078Z,I
CUST_000346,James,Miller,james.miller346@example.com,1-555-5851,58,CA,2026-02-02T16:20:22.078Z,I
CUST_000347,Lisa,Davis,,1-555-5852,25,US,2026-02-02T16:20:22.078Z,I
CUST_000348,Robert,Rodriguez,robert.rodriguez348@example.com,1-555-5853,44,IT,2026-02-02T16:20:22.078Z,I
CUST_000349,Maria,Martinez,maria.martinez349@example.com,1-555-5854,65,CA,2026-02-02T16:20:22.078Z,I
CUST_000350,John,Smith,john.smith350@example.com,1-555-5855,60,JP,2026-02-02T16:20:22.078Z,I
CUST_000351,Jane,Johnson,jane.johnson351@example.com,1-555-5856,47,ES,2026-02-02T16:20:22.078Z,I
CUST_000352,Michael,Williams,michael.williams352@example.com,1-555-5857,73,BR,2026-02-02T16:20:22.078Z,I
CUST_000353,Sarah,Brown,sarah.brown353@example.com,1-555-5858,35,DE,2026-02-02T16:20:22.078Z,I
CUST_000354,David,Jones,david.jones354@example.com,1-555-5859,62,ES,2026-02-02T16:20:22.078Z,I
CUST_000355,Emily,Garcia,emily.garcia355@example.com,1-555-5860,77,FR,2026-02-02T16:20:22.078Z,I
CUST_000356,James,Miller,james.miller356@example.com,1-555-5861,43,CA,2026-02-02T16:20:22.078Z,I
CUST_000357,Lisa,Davis,lisa.davis357@example.com,1-555-5862,63,ES,2026-02-02T16:20:22.078Z,I
CUST_000358,Robert,Rodriguez,robert.rodriguez358@example.com,1-555-5863,31,JP,2026-02-02T16:20:22.078Z,I
CUST_000359,Maria,Martinez,,1-555-5864,65,DE,2026-02-02T16:20:22.078Z,I
CUST_000360,John,Smith,john.smith360@example.com,1-555-5865,21,IT,2026-02-02T16:20:22.078Z,I
CUST_000361,Jane,Johnson,invalid_email_361,1-555-5866,18,IT,2026-02-02T16:20:22.078Z,I
CUST_000362,Michael,Williams,michael.williams362@example.com,1-555-5867,30,ES,2026-02-02T16:20:22.078Z,I
CUST_000363,Sarah,Brown,sarah.brown363@example.com,1-555-5868,23,JP,2026-02-02T16:20:22.078Z,I
CUST_000364,David,Jones,david.jones364@example.com,1-555-5869,71,US,2026-02-02T16:20:22.078Z,I
CUST_000365,Emily,Garcia,emily.garcia365@example.com,1-555-5870,65,US,2026-02-02T16:20:22.078Z,I
CUST_000366,James,Miller,james.miller366@example.com,1-555-5871,24,FR,2026-02-02T16:20:22.078Z,I
CUST_000367,Lisa,Davis,lisa.davis367@example.com,1-555-5872,26,AU,2026-02-02T16:20:22.078Z,I
CUST_000368,Robert,Rodriguez,robert.rodriguez368@example.com,1-555-5873,39,AU,2026-02-02T16:20:22.078Z,I
CUST_000369,Maria,Martinez,maria.martinez369@example.com,1-555-5874,18,FR,2026-02-02T16:20:22.078Z,I
CUST_000370,John,Smith,john.smith370@example.com,1-555-5875,72,IT,2026-02-02T16:20:22.078Z,I
CUST_000371,Jane,Johnson,,1-555-5876,24,CA,2026-02-02T16:20:22.078Z,I
CUST_000372,Michael,Williams,michael.williams372@example.com,1-555-5877,18,IT,2026-02-02T16:20:22.078Z,I
CUST_000373,Sarah,Brown,sarah.brown373@example.com,1-555-5878,79,FR,2026-02-02T16:20:22.078Z,I
CUST_000374,David,Jones,david.jones374@example.com,1-555-5879,41,US,2026-02-02T16:20:22.078Z,I
CUST_000375,Emily,Garcia,emily.garcia375@example.com,1-555-5880,28,JP,2026-02-02T16:20:22.078Z,I
CUST_000376,James,Miller,james.miller376@example.com,1-555-5881,58,ES,2026-02-02T16:20:22.078Z,I
CUST_000377,Lisa,Davis,lisa.davis377@example.com,1-555-5882,26,CA,2026-02-02T16:20:22.078Z,I
CUST_000378,Robert,Rodriguez,robert.rodriguez378@example.com,1-555-5883,53,JP,2026-02-02T16:20:22.078Z,I
CUST_000379,Maria,Martinez,maria.martinez379@example.com,1-555-5884,61,JP,2026-02-02T16:20:22.078Z,I
CUST_000380,John,Smith,,1-555-5885,25,JP,2026-02-02T16:20:22.078Z,I
CUST_000381,Jane,Johnson,jane.johnson381@example.com,1-555-5886,27,ES,2026-02-02T16:20:22.078Z,I
CUST_000382,Michael,Williams,invalid_email_382,1-555-5887,63,UK,2026-02-02T16:20:22.078Z,I
CUST_000383,Sarah,Brown,sarah.brown383@example.com,1-555-5888,47,JP,2026-02-02T16:20:22.078Z,I
CUST_000384,David,Jones,david.jones384@example.com,1-555-5889,53,FR,2026-02-02T16:20:22.078Z,I
CUST_000385,Emily,Garcia,emily.garcia385@example.com,1-555-5890,18,BR,2026-02-02T16:20:22.079Z,I
CUST_000386,James,Miller,james.miller386@example.com,1-555-5891,62,JP,2026-02-02T16:20:22.079Z,I
CUST_000387,Lisa,Davis,lisa.davis387@example.com,1-555-5892,48,FR,2026-02-02T16:20:22.079Z,I
CUST_000388,Robert,Rodriguez,robert.rodriguez388@example.com,1-555-5893,67,ES,2026-02-02T16:20:22.079Z,I
CUST_000389,Maria,Martinez,maria.martinez389@example.com,1-555-5894,76,IT,2026-02-02T16:20:22.079Z,I
CUST_000390,John,Smith,john.smith390@example.com,1-555-5895,40,CA,2026-02-02T16:20:22.079Z,I
CUST_000391,Jane,Johnson,jane.johnson391@example.com,1-555-5896,64,US,2026-02-02T16:20:22.079Z,I
CUST_000392,Michael,Williams,michael.williams392@example.com,1-555-5897,64,IT,2026-02-02T16:20:22.079Z,I
CUST_000393,Sarah,Brown,sarah.brown393@example.com,1-555-5898,33,ES,2026-02-02T16:20:22.079Z,I
CUST_000394,David,Jones,david.jones394@example.com,1-555-5899,74,US,2026-02-02T16:20:22.079Z,I
CUST_000395,Emily,Garcia,emily.garcia395@example.com,1-555-5900,77,DE,2026-02-02T16:20:22.079Z,I
CUST_000396,James,Miller,invalid_email_396,1-555-5901,46,DE,2026-02-02T16:20:22.079Z,I
CUST_000397,Lisa,Davis,lisa.davis397@example.com,1-555-5902,52,US,2026-02-02T16:20:22.079Z,I
CUST_000398,Robert,Rodriguez,robert.rodriguez398@example.com,1-555-5903,76,BR,2026-02-02T16:20:22.079Z,I
CUST_000399,Maria,Martinez,maria.martinez399@example.com,1-555-5904,74,JP,2026-02-02T16:20:22.079Z,I
CUST_000400,John,Smith,john.smith400@example.com,1-555-5905,21,IT,2026-02-02T16:20:22.079Z,I
CUST_000401,Jane,Johnson,user401@example.com,1-555-5906,999,JP,2026-02-02T16:20:22.079Z,I
CUST_000402,Michael,Williams,michael.williams402@example.com,1-555-5907,37,CA,2026-02-02T16:20:22.079Z,I
CUST_000403,Sarah,Brown,sarah.brown403@example.com,1-555-5908,32,CA,2026-02-02T16:20:22.079Z,I
CUST_000404,David,Jones,david.jones404@example.com,1-555-5909,79,JP,2026-02-02T16:20:22.079Z,I
CUST_000405,Emily,Garcia,emily.garcia405@example.com,1-555-5910,34,ES,2026-02-02T16:20:22.079Z,I
CUST_000406,James,Miller,james.miller406@example.com,1-555-5911,72,UK,2026-02-02T16:20:22.079Z,I
CUST_000407,Lisa,Davis,user407@example.com,1-555-5912,999,UK,2026-02-02T16:20:22.079Z,I
CUST_000408,Robert,Rodriguez,robert.rodriguez408@example.com,1-555-5913,73,FR,2026-02-02T16:20:22.079Z,I
CUST_000409,Maria,Martinez,maria.martinez409@example.com,1-555-5914,79,AU,2026-02-02T16:20:22.079Z,I
CUST_000410,John,Smith,john.smith410@example.com,1-555-5915,33,FR,2026-02-02T16:20:22.079Z,I
CUST_000411,Jane,Johnson,jane.johnson411@example.com,1-555-5916,40,FR,2026-02-02T16:20:22.079Z,I
CUST_000412,Michael,Williams,michael.williams412@example.com,1-555-5917,69,ES,2026-02-02T16:20:22.079Z,I
CUST_000413,Sarah,Brown,sarah.brown413@example.com,1-555-5918,20,CA,2026-02-02T16:20:22.079Z,I
CUST_000414,David,Jones,david.jones414@example.com,1-555-5919,55,FR,2026-02-02T16:20:22.079Z,I
CUST_000415,Emily,Garcia,emily.garcia415@example.com,1-555-5920,42,AU,2026-02-02T16:20:22.079Z,I
CUST_000416,James,Miller,james.miller416@example.com,1-555-5921,70,AU,2026-02-02T16:20:22.079Z,I
CUST_000417,Lisa,Davis,lisa.davis417@example.com,1-555-5922,40,CA,2026-02-02T16:20:22.079Z,I
CUST_000418,Robert,Rodriguez,robert.rodriguez418@example.com,1-555-5923,74,US,2026-02-02T16:20:22.079Z,I
CUST_000419,Maria,Martinez,maria.martinez419@example.com,1-555-5924,22,US,2026-02-02T16:20:22.079Z,I
CUST_000420,John,Smith,john.smith420@example.com,1-555-5925,32,CA,2026-02-02T16:20:22.079Z,I
CUST_000421,Jane,Johnson,jane.johnson421@example.com,1-555-5926,41,BR,2026-02-02T16:20:22.079Z,I
CUST_000422,Michael,Williams,michael.williams422@example.com,1-555-5927,19,JP,2026-02-02T16:20:22.079Z,I
CUST_000423,Sarah,Brown,,1-555-5928,64,JP,2026-02-02T16:20:22.079Z,I
CUST_000424,David,Jones,david.jones424@example.com,1-555-5929,62,CA,2026-02-02T16:20:22.079Z,I
CUST_000425,Emily,Garcia,emily.garcia425@example.com,1-555-5930,33,BR,2026-02-02T16:20:22.079Z,I
CUST_000426,James,Miller,james.miller426@example.com,1-555-5931,35,UK,2026-02-02T16:20:22.079Z,I
CUST_000427,Lisa,Davis,lisa.davis427@example.com,1-555-5932,33,FR,2026-02-02T16:20:22.079Z,I
CUST_000428,Robert,Rodriguez,robert.rodriguez428@example.com,1-555-5933,72,UK,2026-02-02T16:20:22.079Z,I
CUST_000429,Maria,Martinez,maria.martinez429@example.com,1-555-5934,48,US,2026-02-02T16:20:22.079Z,I
CUST_000430,John,Smith,user430@example.com,1-555-5935,999,BR,2026-02-02T16:20:22.079Z,I
CUST_000431,Jane,Johnson,jane.johnson431@example.com,1-555-5936,75,FR,2026-02-02T16:20:22.079Z,I
CUST_000432,Michael,Williams,michael.williams432@example.com,1-555-5937,35,BR,2026-02-02T16:20:22.079Z,I
CUST_000433,Sarah,Brown,sarah.brown433@example.com,1-555-5938,72,US,2026-02-02T16:20:22.079Z,I
CUST_000434,David,Jones,david.jones434@example.com,1-555-5939,63,UK,2026-02-02T16:20:22.079Z,I
CUST_000435,Emily,Garcia,emily.garcia435@example.com,1-555-5940,54,JP,2026-02-02T16:20:22.079Z,I
CUST_000436,James,Miller,james.miller436@example.com,1-555-5941,26,JP,2026-02-02T16:20:22.079Z,I
CUST_000437,Lisa,Davis,invalid_email_437,1-555-5942,71,ES,2026-02-02T16:20:22.079Z,I
CUST_000438,Robert,Rodriguez,robert.rodriguez438@example.com,1-555-5943,38,FR,2026-02-02T16:20:22.079Z,I
CUST_000439,Maria,Martinez,maria.martinez439@example.com,1-555-5944,53,IT,2026-02-02T16:20:22.079Z,I
CUST_000440,John,Smith,,1-555-5945,36,UK,2026-02-02T16:20:22.079Z,I
CUST_000441,Jane,Johnson,jane.johnson441@example.com,1-555-5946,63,IT,2026-02-02T16:20:22.079Z,I
CUST_000442,Michael,Williams,invalid_email_442,1-555-5947,78,AU,2026-02-02T16:20:22.079Z,I
CUST_000443,Sarah,Brown,invalid_email_443,1-555-5948,29,AU,2026-02-02T16:20:22.079Z,I
CUST_000444,David,Jones,invalid_email_444,1-555-5949,40,BR,2026-02-02T16:20:22.079Z,I
CUST_000445,Emily,Garcia,emily.garcia445@example.com,1-555-5950,18,IT,2026-02-02T16:20:22.079Z,I
CUST_000446,James,Miller,james.miller446@example.com,1-555-5951,53,BR,2026-02-02T16:20:22.079Z,I
CUST_000447,Lisa,Davis,lisa.davis447@example.com,1-555-5952,28,FR,2026-02-02T16:20:22.079Z,I
CUST_000448,Robert,Rodriguez,robert.rodriguez448@example.com,1-555-5953,22,IT,2026-02-02T16:20:22.080Z,I
CUST_000449,Maria,Martinez,maria.martinez449@example.com,1-555-5954,68,ES,2026-02-02T16:20:22.080Z,I
CUST_000450,John,Smith,john.smith450@example.com,1-555-5955,49,AU,2026-02-02T16:20:22.080Z,I
CUST_000451,Jane,Johnson,jane.johnson451@example.com,1-555-5956,78,ES,2026-02-02T16:20:22.080Z,I
CUST_000452,Michael,Williams,michael.williams452@example.com,1-555-5957,39,ES,2026-02-02T16:20:22.080Z,I
CUST_000453,Sarah,Brown,sarah.brown453@example.com,1-555-5958,56,AU,2026-02-02T16:20:22.080Z,I
CUST_000454,David,Jones,david.jones454@example.com,1-555-5959,79,FR,2026-02-02T16:20:22.080Z,I
CUST_000455,Emily,Garcia,emily.garcia455@example.com,1-555-5960,68,ES,2026-02-02T16:20:22.080Z,I
CUST_000456,James,Miller,james.miller456@example.com,1-555-5961,43,UK,2026-02-02T16:20:22.080Z,I
CUST_000457,Lisa,Davis,lisa.davis457@example.com,1-555-5962,52,JP,2026-02-02T16:20:22.080Z,I
CUST_000458,Robert,Rodriguez,robert.rodriguez458@example.com,1-555-5963,31,FR,2026-02-02T16:20:22.080Z,I
CUST_000459,Maria,Martinez,maria.martinez459@example.com,1-555-5964,68,AU,2026-02-02T16:20:22.080Z,I
CUST_000460,John,Smith,john.smith460@example.com,1-555-5965,60,IT,2026-02-02T16:20:22.080Z,I
CUST_000461,Jane,Johnson,jane.johnson461@example.com,1-555-5966,56,BR,2026-02-02T16:20:22.080Z,I
CUST_000462,Michael,Williams,michael.williams462@example.com,1-555-5967,68,JP,2026-02-02T16:20:22.080Z,I
CUST_000463,Sarah,Brown,invalid_email_463,1-555-5968,60,CA,2026-02-02T16:20:22.080Z,I
CUST_000464,David,Jones,david.jones464@example.com,1-555-5969,59,ES,2026-02-02T16:20:22.080Z,I
CUST_000465,Emily,Garcia,user465@example.com,1-555-5970,-5,JP,2026-02-02T16:20:22.080Z,I
CUST_000466,James,Miller,james.miller466@example.com,1-555-5971,43,BR,2026-02-02T16:20:22.080Z,I
CUST_000467,Lisa,Davis,lisa.davis467@example.com,1-555-5972,19,UK,2026-02-02T16:20:22.080Z,I
CUST_000468,Robert,Rodriguez,robert.rodriguez468@example.com,1-555-5973,23,CA,2026-02-02T16:20:22.080Z,I
CUST_000469,Maria,Martinez,maria.martinez469@example.com,1-555-5974,68,JP,2026-02-02T16:20:22.080Z,I
CUST_000470,John,Smith,john.smith470@example.com,1-555-5975,46,ES,2026-02-02T16:20:22.080Z,I
CUST_000471,Jane,Johnson,,1-555-5976,25,ES,2026-02-02T16:20:22.080Z,I
CUST_000472,Michael,Williams,michael.williams472@example.com,1-555-5977,28,JP,2026-02-02T16:20:22.080Z,I
CUST_000473,Sarah,Brown,sarah.brown473@example.com,1-555-5978,45,DE,2026-02-02T16:20:22.080Z,I
CUST_000474,David,Jones,david.jones474@example.com,1-555-5979,60,IT,2026-02-02T16:20:22.080Z,I
CUST_000475,Emily,Garcia,emily.garcia475@example.com,1-555-5980,45,US,2026-02-02T16:20:22.080Z,I
CUST_000476,James,Miller,james.miller476@example.com,1-555-5981,66,BR,2026-02-02T16:20:22.080Z,I
CUST_000477,Lisa,Davis,lisa.davis477@example.com,1-555-5982,30,UK,2026-02-02T16:20:22.080Z,I
CUST_000478,Robert,Rodriguez,robert.rodriguez478@example.com,1-555-5983,58,BR,2026-02-02T16:20:22.080Z,I
CUST_000479,Maria,Martinez,maria.martinez479@example.com,1-555-5984,40,AU,2026-02-02T16:20:22.080Z,I
CUST_000480,John,Smith,john.smith480@example.com,1-555-5985,63,BR,2026-02-02T16:20:22.080Z,I
CUST_000481,Jane,Johnson,jane.johnson481@example.com,1-555-5986,38,DE,2026-02-02T16:20:22.080Z,I
CUST_000482,Michael,Williams,michael.williams482@example.com,1-555-5987,62,JP,2026-02-02T16:20:22.080Z,I
CUST_000483,Sarah,Brown,sarah.brown483@example.com,1-555-5988,54,IT,2026-02-02T16:20:22.080Z,I
CUST_000484,David,Jones,david.jones484@example.com,1-555-5989,62,JP,2026-02-02T16:20:22.080Z,I
CUST_000485,Emily,Garcia,emily.garcia485@example.com,1-555-5990,29,AU,2026-02-02T16:20:22.080Z,I
CUST_000486,James,Miller,james.miller486@example.com,1-555-5991,78,AU,2026-02-02T16:20:22.080Z,I
CUST_000487,Lisa,Davis,lisa.davis487@example.com,1-555-5992,79,AU,2026-02-02T16:20:22.080Z,I
CUST_000488,Robert,Rodriguez,robert.rodriguez488@example.com,1-555-5993,71,AU,2026-02-02T16:20:22.080Z,I
CUST_000489,Maria,Martinez,maria.martinez489@example.com,1-555-5994,68,FR,2026-02-02T16:20:22.080Z,I
CUST_000490,John,Smith,john.smith490@example.com,1-555-5995,36,AU,2026-02-02T16:20:22.080Z,I
CUST_000491,Jane,Johnson,jane.johnson491@example.com,1-555-5996,25,FR,2026-02-02T16:20:22.080Z,I
CUST_000492,Michael,Williams,michael.williams492@example.com,1-555-5997,66,AU,2026-02-02T16:20:22.080Z,I
CUST_000493,Sarah,Brown,sarah.brown493@example.com,1-555-5998,24,FR,2026-02-02T16:20:22.080Z,I
CUST_000494,David,Jones,david.jones494@example.com,1-555-5999,73,AU,2026-02-02T16:20:22.080Z,I
CUST_000495,Emily,Garcia,emily.garcia495@example.com,1-555-6000,65,BR,2026-02-02T16:20:22.080Z,I
CUST_000496,James,Miller,james.miller496@example.com,1-555-6001,26,DE,2026-02-02T16:20:22.080Z,I
CUST_000497,Lisa,Davis,lisa.davis497@example.com,1-555-6002,56,CA,2026-02-02T16:20:22.080Z,I
CUST_000498,Robert,Rodriguez,robert.rodriguez498@example.com,1-555-6003,35,UK,2026-02-02T16:20:22.080Z,I
CUST_000499,Maria,Martinez,maria.martinez499@example.com,1-555-6004,35,CA,2026-02-02T16:20:22.080Z,I
CUST_000500,John,Smith,john.smith500@example.com,1-555-6005,71,IT,2026-02-02T16:20:22.080Z,I
CUST_000501,Jane,Johnson,jane.johnson501@example.com,1-555-6006,35,IT,2026-02-02T16:20:22.080Z,I
CUST_000502,Michael,Williams,michael.williams502@example.com,1-555-6007,74,IT,2026-02-02T16:20:22.080Z,I
CUST_000503,Sarah,Brown,sarah.brown503@example.com,1-555-6008,74,AU,2026-02-02T16:20:22.080Z,I
CUST_000504,David,Jones,david.jones504@example.com,1-555-6009,73,AU,2026-02-02T16:20:22.080Z,I
CUST_000505,Emily,Garcia,emily.garcia505@example.com,1-555-6010,68,IT,2026-02-02T16:20:22.080Z,I
CUST_000506,James,Miller,james.miller506@example.com,1-555-6011,49,ES,2026-02-02T16:20:22.080Z,I
CUST_000507,Lisa,Davis,lisa.davis507@example.com,1-555-6012,26,ES,2026-02-02T16:20:22.080Z,I
CUST_000508,Robert,Rodriguez,,1-555-6013,68,US,2026-02-02T16:20:22.080Z,I
CUST_000509,Maria,Martinez,maria.martinez509@example.com,1-555-6014,18,DE,2026-02-02T16:20:22.080Z,I
CUST_000510,John,Smith,john.smith510@example.com,1-555-6015,37,FR,2026-02-02T16:20:22.080Z,I
CUST_000511,Jane,Johnson,jane.johnson511@example.com,1-555-6016,41,US,2026-02-02T16:20:22.080Z,I
CUST_000512,Michael,Williams,michael.williams512@example.com,1-555-6017,66,IT,2026-02-02T16:20:22.080Z,I
CUST_000513,Sarah,Brown,sarah.brown513@example.com,1-555-6018,18,AU,2026-02-02T16:20:22.080Z,I
CUST_000514,David,Jones,david.jones514@example.com,1-555-6019,51,US,2026-02-02T16:20:22.080Z,I
CUST_000515,Emily,Garcia,emily.garcia515@example.com,1-555-6020,73,CA,2026-02-02T16:20:22.080Z,I
CUST_000516,James,Miller,james.miller516@example.com,1-555-6021,23,UK,2026-02-02T16:20:22.080Z,I
CUST_000517,Lisa,Davis,lisa.davis517@example.com,1-555-6022,26,CA,2026-02-02T16:20:22.080Z,I
CUST_000518,Robert,Rodriguez,,1-555-6023,18,AU,2026-02-02T16:20:22.080Z,I
CUST_000519,Maria,Martinez,maria.martinez519@example.com,1-555-6024,27,BR,2026-02-02T16:20:22.080Z,I
CUST_000520,John,Smith,john.smith520@example.com,1-555-6025,23,CA,2026-02-02T16:20:22.080Z,I
CUST_000521,Jane,Johnson,jane.johnson521@example.com,1-555-6026,45,CA,2026-02-02T16:20:22.080Z,I
CUST_000522,Michael,Williams,michael.williams522@example.com,1-555-6027,33,US,2026-02-02T16:20:22.080Z,I
CUST_000523,Sarah,Brown,sarah.brown523@example.com,1-555-6028,56,DE,2026-02-02T16:20:22.080Z,I
CUST_000524,David,Jones,david.jones524@example.com,1-555-6029,68,AU,2026-02-02T16:20:22.080Z,I
CUST_000525,Emily,Garcia,emily.garcia525@example.com,1-555-6030,58,JP,2026-02-02T16:20:22.080Z,I
CUST_000526,James,Miller,james.miller526@example.com,1-555-6031,26,BR,2026-02-02T16:20:22.080Z,I
CUST_000527,Lisa,Davis,lisa.davis527@example.com,1-555-6032,29,UK,2026-02-02T16:20:22.080Z,I
CUST_000528,Robert,Rodriguez,invalid_email_528,1-555-6033,20,IT,2026-02-02T16:20:22.080Z,I
CUST_000529,Maria,Martinez,maria.martinez529@example.com,1-555-6034,50,IT,2026-02-02T16:20:22.080Z,I
CUST_000530,John,Smith,,1-555-6035,52,FR,2026-02-02T16:20:22.080Z,I
CUST_000531,Jane,Johnson,invalid_email_531,1-555-6036,80,JP,2026-02-02T16:20:22.080Z,I
CUST_000532,Michael,Williams,michael.williams532@example.com,1-555-6037,66,FR,2026-02-02T16:20:22.080Z,I
CUST_000533,Sarah,Brown,sarah.brown533@example.com,1-555-6038,72,US,2026-02-02T16:20:22.080Z,I
CUST_000534,David,Jones,david.jones534@example.com,1-555-6039,25,BR,2026-02-02T16:20:22.080Z,I
CUST_000535,Emily,Garcia,emily.garcia535@example.com,1-555-6040,65,UK,2026-02-02T16:20:22.080Z,I
CUST_000536,James,Miller,james.miller536@example.com,1-555-6041,28,ES,2026-02-02T16:20:22.080Z,I
CUST_000537,Lisa,Davis,lisa.davis537@example.com,1-555-6042,26,UK,2026-02-02T16:20:22.080Z,I
CUST_000538,Robert,Rodriguez,robert.rodriguez538@example.com,1-555-6043,35,UK,2026-02-02T16:20:22.080Z,I
CUST_000539,Maria,Martinez,maria.martinez539@example.com,1-555-6044,50,US,2026-02-02T16:20:22.080Z,I
CUST_000540,John,Smith,john.smith540@example.com,1-555-6045,34,BR,2026-02-02T16:20:22.080Z,I
CUST_000541,Jane,Johnson,jane.johnson541@example.com,1-555-6046,50,US,2026-02-02T16:20:22.080Z,I
CUST_000542,Michael,Williams,user542@example.com,1-555-6047,150,CA,2026-02-02T16:20:22.080Z,I
CUST_000543,Sarah,Brown,sarah.brown543@example.com,1-555-6048,33,ES,2026-02-02T16:20:22.080Z,I
CUST_000544,David,Jones,david.jones544@example.com,1-555-6049,25,US,2026-02-02T16:20:22.080Z,I
CUST_000545,Emily,Garcia,emily.garcia545@example.com,1-555-6050,80,IT,2026-02-02T16:20:22.080Z,I
CUST_000546,James,Miller,james.miller546@example.com,1-555-6051,67,ES,2026-02-02T16:20:22.080Z,I
CUST_000547,Lisa,Davis,invalid_email_547,1-555-6052,36,BR,2026-02-02T16:20:22.080Z,I
CUST_000548,Robert,Rodriguez,robert.rodriguez548@example.com,1-555-6053,80,DE,2026-02-02T16:20:22.080Z,I
CUST_000549,Maria,Martinez,maria.martinez549@example.com,1-555-6054,77,US,2026-02-02T16:20:22.080Z,I
CUST_000550,John,Smith,john.smith550@example.com,1-555-6055,62,ES,2026-02-02T16:20:22.080Z,I
CUST_000551,Jane,Johnson,jane.johnson551@example.com,1-555-6056,64,UK,2026-02-02T16:20:22.080Z,I
CUST_000552,Michael,Williams,michael.williams552@example.com,1-555-6057,79,CA,2026-02-02T16:20:22.080Z,I
CUST_000553,Sarah,Brown,invalid_email_553,1-555-6058,75,IT,2026-02-02T16:20:22.080Z,I
CUST_000554,David,Jones,david.jones554@example.com,1-555-6059,65,BR,2026-02-02T16:20:22.080Z,I
CUST_000555,Emily,Garcia,emily.garcia555@example.com,1-555-6060,43,BR,2026-02-02T16:20:22.080Z,I
CUST_000556,James,Miller,james.miller556@example.com,1-555-6061,79,DE,2026-02-02T16:20:22.080Z,I
CUST_000557,Lisa,Davis,lisa.davis557@example.com,1-555-6062,77,ES,2026-02-02T16:20:22.080Z,I
CUST_000558,Robert,Rodriguez,robert.rodriguez558@example.com,1-555-6063,22,CA,2026-02-02T16:20:22.080Z,I
CUST_000559,Maria,Martinez,maria.martinez559@example.com,1-555-6064,28,AU,2026-02-02T16:20:22.080Z,I
CUST_000560,John,Smith,user560@example.com,1-555-6065,-5,FR,2026-02-02T16:20:22.080Z,I
CUST_000561,Jane,Johnson,jane.johnson561@example.com,1-555-6066,23,FR,2026-02-02T16:20:22.080Z,I
CUST_000562,Michael,Williams,michael.williams562@example.com,1-555-6067,72,CA,2026-02-02T16:20:22.080Z,I
CUST_000563,Sarah,Brown,sarah.brown563@example.com,1-555-6068,43,US,2026-02-02T16:20:22.080Z,I
CUST_000564,David,Jones,david.jones564@example.com,1-555-6069,29,IT,2026-02-02T16:20:22.080Z,I
CUST_000565,Emily,Garcia,invalid_email_565,1-555-6070,69,UK,2026-02-02T16:20:22.080Z,I
CUST_000566,James,Miller,james.miller566@example.com,1-555-6071,80,CA,2026-02-02T16:20:22.080Z,I
CUST_000567,Lisa,Davis,lisa.davis567@example.com,1-555-6072,58,BR,2026-02-02T16:20:22.080Z,I
CUST_000568,Robert,Rodriguez,robert.rodriguez568@example.com,1-555-6073,22,UK,2026-02-02T16:20:22.080Z,I
CUST_000569,Maria,Martinez,maria.martinez569@example.com,1-555-6074,23,UK,2026-02-02T16:20:22.080Z,I
CUST_000570,John,Smith,,1-555-6075,45,AU,2026-02-02T16:20:22.080Z,I
CUST_000571,Jane,Johnson,jane.johnson571@example.com,1-555-6076,29,DE,2026-02-02T16:20:22.081Z,I
CUST_000572,Michael,Williams,michael.williams572@example.com,1-555-6077,74,US,2026-02-02T16:20:22.081Z,I
CUST_000573,Sarah,Brown,sarah.brown573@example.com,1-555-6078,49,JP,2026-02-02T16:20:22.081Z,I
CUST_000574,David,Jones,user574@example.com,1-555-6079,-5,DE,2026-02-02T16:20:22.081Z,I
CUST_000575,Emily,Garcia,emily.garcia575@example.com,1-555-6080,69,US,2026-02-02T16:20:22.081Z,I
CUST_000576,James,Miller,james.miller576@example.com,1-555-6081,68,ES,2026-02-02T16:20:22.081Z,I
CUST_000577,Lisa,Davis,lisa.davis577@example.com,1-555-6082,29,ES,2026-02-02T16:20:22.081Z,I
CUST_000578,Robert,Rodriguez,user578@example.com,1-555-6083,-5,JP,2026-02-02T16:20:22.081Z,I
CUST_000579,Maria,Martinez,maria.martinez579@example.com,1-555-6084,24,DE,2026-02-02T16:20:22.081Z,I
CUST_000580,John,Smith,john.smith580@example.com,1-555-6085,78,BR,2026-02-02T16:20:22.081Z,I
CUST_000581,Jane,Johnson,jane.johnson581@example.com,1-555-6086,72,CA,2026-02-02T16:20:22.081Z,I
CUST_000582,Michael,Williams,michael.williams582@example.com,1-555-6087,62,BR,2026-02-02T16:20:22.081Z,I
CUST_000583,Sarah,Brown,sarah.brown583@example.com,1-555-6088,54,BR,2026-02-02T16:20:22.081Z,I
CUST_000584,David,Jones,david.jones584@example.com,1-555-6089,29,US,2026-02-02T16:20:22.081Z,I
CUST_000585,Emily,Garcia,emily.garcia585@example.com,1-555-6090,32,JP,2026-02-02T16:20:22.081Z,I
CUST_000586,James,Miller,james.miller586@example.com,1-555-6091,57,CA,2026-02-02T16:20:22.081Z,I
CUST_000587,Lisa,Davis,lisa.davis587@example.com,1-555-6092,72,US,2026-02-02T16:20:22.081Z,I
CUST_000588,Robert,Rodriguez,robert.rodriguez588@example.com,1-555-6093,76,UK,2026-02-02T16:20:22.081Z,I
CUST_000589,Maria,Martinez,maria.martinez589@example.com,1-555-6094,41,BR,2026-02-02T16:20:22.081Z,I
CUST_000590,John,Smith,john.smith590@example.com,1-555-6095,26,IT,2026-02-02T16:20:22.081Z,I
CUST_000591,Jane,Johnson,jane.johnson591@example.com,1-555-6096,29,DE,2026-02-02T16:20:22.081Z,I
CUST_000592,Michael,Williams,michael.williams592@example.com,1-555-6097,64,CA,2026-02-02T16:20:22.081Z,I
CUST_000593,Sarah,Brown,sarah.brown593@example.com,1-555-6098,78,BR,2026-02-02T16:20:22.081Z,I
CUST_000594,David,Jones,david.jones594@example.com,1-555-6099,76,BR,2026-02-02T16:20:22.081Z,I
CUST_000595,Emily,Garcia,,1-555-6100,22,ES,2026-02-02T16:20:22.081Z,I
CUST_000596,James,Miller,james.miller596@example.com,1-555-6101,79,ES,2026-02-02T16:20:22.081Z,I
CUST_000597,Lisa,Davis,lisa.davis597@example.com,1-555-6102,33,ES,2026-02-02T16:20:22.081Z,I
CUST_000598,Robert,Rodriguez,robert.rodriguez598@example.com,1-555-6103,21,AU,2026-02-02T16:20:22.081Z,I
CUST_000599,Maria,Martinez,maria.martinez599@example.com,1-555-6104,49,ES,2026-02-02T16:20:22.081Z,I
CUST_000600,John,Smith,user600@example.com,1-555-6105,999,CA,2026-02-02T16:20:22.081Z,I
CUST_000601,Jane,Johnson,jane.johnson601@example.com,1-555-6106,20,US,2026-02-02T16:20:22.081Z,I
CUST_000602,Michael,Williams,michael.williams602@example.com,1-555-6107,22,CA,2026-02-02T16:20:22.081Z,I
CUST_000603,Sarah,Brown,sarah.brown603@example.com,1-555-6108,53,ES,2026-02-02T16:20:22.081Z,I
CUST_000604,David,Jones,david.jones604@example.com,1-555-6109,45,BR,2026-02-02T16:20:22.081Z,I
CUST_000605,Emily,Garcia,user605@example.com,1-555-6110,-5,IT,2026-02-02T16:20:22.081Z,I
CUST_000606,James,Miller,james.miller606@example.com,1-555-6111,37,UK,2026-02-02T16:20:22.081Z,I
CUST_000607,Lisa,Davis,lisa.davis607@example.com,1-555-6112,71,CA,2026-02-02T16:20:22.081Z,I
CUST_000608,Robert,Rodriguez,invalid_email_608,1-555-6113,36,DE,2026-02-02T16:20:22.081Z,I
CUST_000609,Maria,Martinez,maria.martinez609@example.com,1-555-6114,58,UK,2026-02-02T16:20:22.081Z,I
CUST_000610,John,Smith,john.smith610@example.com,1-555-6115,43,AU,2026-02-02T16:20:22.081Z,I
CUST_000611,Jane,Johnson,,1-555-6116,42,ES,2026-02-02T16:20:22.081Z,I
CUST_000612,Michael,Williams,michael.williams612@example.com,1-555-6117,20,AU,2026-02-02T16:20:22.081Z,I
CUST_000613,Sarah,Brown,sarah.brown613@example.com,1-555-6118,35,CA,2026-02-02T16:20:22.081Z,I
CUST_000614,David,Jones,user614@example.com,1-555-6119,999,BR,2026-02-02T16:20:22.081Z,I
CUST_000615,Emily,Garcia,emily.garcia615@example.com,1-555-6120,70,IT,2026-02-02T16:20:22.081Z,I
CUST_000616,James,Miller,james.miller616@example.com,1-555-6121,33,FR,2026-02-02T16:20:22.081Z,I
CUST_000617,Lisa,Davis,lisa.davis617@example.com,1-555-6122,63,JP,2026-02-02T16:20:22.081Z,I
CUST_000618,Robert,Rodriguez,user618@example.com,1-555-6123,-5,DE,2026-02-02T16:20:22.081Z,I
CUST_000619,Maria,Martinez,invalid_email_619,1-555-6124,61,DE,2026-02-02T16:20:22.081Z,I
CUST_000620,John,Smith,john.smith620@example.com,1-555-6125,34,UK,2026-02-02T16:20:22.081Z,I
CUST_000621,Jane,Johnson,jane.johnson621@example.com,1-555-6126,53,FR,2026-02-02T16:20:22.081Z,I
CUST_000622,Michael,Williams,michael.williams622@example.com,1-555-6127,18,IT,2026-02-02T16:20:22.081Z,I
CUST_000623,Sarah,Brown,,1-555-6128,55,UK,2026-02-02T16:20:22.081Z,I
CUST_000624,David,Jones,david.jones624@example.com,1-555-6129,73,ES,2026-02-02T16:20:22.081Z,I
CUST_000625,Emily,Garcia,emily.garcia625@example.com,1-555-6130,49,US,2026-02-02T16:20:22.081Z,I
CUST_000626,James,Miller,james.miller626@example.com,1-555-6131,57,US,2026-02-02T16:20:22.081Z,I
CUST_000627,Lisa,Davis,lisa.davis627@example.com,1-555-6132,21,FR,2026-02-02T16:20:22.081Z,I
CUST_000628,Robert,Rodriguez,robert.rodriguez628@example.com,1-555-6133,68,FR,2026-02-02T16:20:22.081Z,I
CUST_000629,Maria,Martinez,maria.martinez629@example.com,1-555-6134,61,DE,2026-02-02T16:20:22.081Z,I
CUST_000630,John,Smith,john.smith630@example.com,1-555-6135,46,FR,2026-02-02T16:20:22.081Z,I
CUST_000631,Jane,Johnson,jane.johnson631@example.com,1-555-6136,31,AU,2026-02-02T16:20:22.081Z,I
CUST_000632,Michael,Williams,michael.williams632@example.com,1-555-6137,50,UK,2026-02-02T16:20:22.081Z,I
CUST_000633,Sarah,Brown,,1-555-6138,74,CA,2026-02-02T16:20:22.081Z,I
CUST_000634,David,Jones,david.jones634@example.com,1-555-6139,33,AU,2026-02-02T16:20:22.081Z,I
CUST_000635,Emily,Garcia,emily.garcia635@example.com,1-555-6140,35,AU,2026-02-02T16:20:22.081Z,I
CUST_000636,James,Miller,james.miller636@example.com,1-555-6141,25,DE,2026-02-02T16:20:22.081Z,I
CUST_000637,Lisa,Davis,lisa.davis637@example.com,1-555-6142,29,BR,2026-02-02T16:20:22.081Z,I
CUST_000638,Robert,Rodriguez,robert.rodriguez638@example.com,1-555-6143,71,UK,2026-02-02T16:20:22.081Z,I
CUST_000639,Maria,Martinez,maria.martinez639@example.com,1-555-6144,28,DE,2026-02-02T16:20:22.081Z,I
CUST_000640,John,Smith,john.smith640@example.com,1-555-6145,35,JP,2026-02-02T16:20:22.081Z,I
CUST_000641,Jane,Johnson,jane.johnson641@example.com,1-555-6146,26,BR,2026-02-02T16:20:22.081Z,I
CUST_000642,Michael,Williams,michael.williams642@example.com,1-555-6147,69,FR,2026-02-02T16:20:22.081Z,I
CUST_000643,Sarah,Brown,sarah.brown643@example.com,1-555-6148,47,DE,2026-02-02T16:20:22.081Z,I
CUST_000644,David,Jones,david.jones644@example.com,1-555-6149,70,BR,2026-02-02T16:20:22.081Z,I
CUST_000645,Emily,Garcia,emily.garcia645@example.com,1-555-6150,60,JP,2026-02-02T16:20:22.081Z,I
CUST_000646,James,Miller,james.miller646@example.com,1-555-6151,24,UK,2026-02-02T16:20:22.081Z,I
CUST_000647,Lisa,Davis,lisa.davis647@example.com,1-555-6152,73,FR,2026-02-02T16:20:22.081Z,I
CUST_000648,Robert,Rodriguez,robert.rodriguez648@example.com,1-555-6153,51,US,2026-02-02T16:20:22.081Z,I
CUST_000649,Maria,Martinez,maria.martinez649@example.com,1-555-6154,61,US,2026-02-02T16:20:22.081Z,I
CUST_000650,John,Smith,john.smith650@example.com,1-555-6155,34,IT,2026-02-02T16:20:22.081Z,I
CUST_000651,Jane,Johnson,jane.johnson651@example.com,1-555-6156,54,ES,2026-02-02T16:20:22.081Z,I
CUST_000652,Michael,Williams,michael.williams652@example.com,1-555-6157,60,JP,2026-02-02T16:20:22.081Z,I
CUST_000653,Sarah,Brown,sarah.brown653@example.com,1-555-6158,74,FR,2026-02-02T16:20:22.081Z,I
CUST_000654,David,Jones,user654@example.com,1-555-6159,999,ES,2026-02-02T16:20:22.081Z,I
CUST_000655,Emily,Garcia,emily.garcia655@example.com,1-555-6160,32,IT,2026-02-02T16:20:22.081Z,I
CUST_000656,James,Miller,james.miller656@example.com,1-555-6161,36,UK,2026-02-02T16:20:22.081Z,I
CUST_000657,Lisa,Davis,lisa.davis657@example.com,1-555-6162,55,AU,2026-02-02T16:20:22.081Z,I
CUST_000658,Robert,Rodriguez,robert.rodriguez658@example.com,1-555-6163,42,FR,2026-02-02T16:20:22.081Z,I
CUST_000659,Maria,Martinez,maria.martinez659@example.com,1-555-6164,27,DE,2026-02-02T16:20:22.081Z,I
CUST_000660,John,Smith,john.smith660@example.com,1-555-6165,75,CA,2026-02-02T16:20:22.081Z,I
CUST_000661,Jane,Johnson,jane.johnson661@example.com,1-555-6166,49,CA,2026-02-02T16:20:22.081Z,I
CUST_000662,Michael,Williams,user662@example.com,1-555-6167,-5,BR,2026-02-02T16:20:22.081Z,I
CUST_000663,Sarah,Brown,sarah.brown663@example.com,1-555-6168,67,CA,2026-02-02T16:20:22.081Z,I
CUST_000664,David,Jones,david.jones664@example.com,1-555-6169,43,AU,2026-02-02T16:20:22.081Z,I
CUST_000665,Emily,Garcia,invalid_email_665,1-555-6170,64,US,2026-02-02T16:20:22.081Z,I
CUST_000666,James,Miller,invalid_email_666,1-555-6171,58,DE,2026-02-02T16:20:22.081Z,I
CUST_000667,Lisa,Davis,lisa.davis667@example.com,1-555-6172,24,JP,2026-02-02T16:20:22.081Z,I
CUST_000668,Robert,Rodriguez,robert.rodriguez668@example.com,1-555-6173,70,FR,2026-02-02T16:20:22.081Z,I
CUST_000669,Maria,Martinez,maria.martinez669@example.com,1-555-6174,56,ES,2026-02-02T16:20:22.081Z,I
CUST_000670,John,Smith,john.smith670@example.com,1-555-6175,75,ES,2026-02-02T16:20:22.081Z,I
CUST_000671,Jane,Johnson,jane.johnson671@example.com,1-555-6176,76,US,2026-02-02T16:20:22.081Z,I
CUST_000672,Michael,Williams,michael.williams672@example.com,1-555-6177,26,US,2026-02-02T16:20:22.081Z,I
CUST_000673,Sarah,Brown,,1-555-6178,59,IT,2026-02-02T16:20:22.081Z,I
CUST_000674,David,Jones,david.jones674@example.com,1-555-6179,57,BR,2026-02-02T16:20:22.081Z,I
CUST_000675,Emily,Garcia,emily.garcia675@example.com,1-555-6180,19,UK,2026-02-02T16:20:22.081Z,I
CUST_000676,James,Miller,james.miller676@example.com,1-555-6181,53,AU,2026-02-02T16:20:22.081Z,I
CUST_000677,Lisa,Davis,lisa.davis677@example.com,1-555-6182,61,FR,2026-02-02T16:20:22.081Z,I
CUST_000678,Robert,Rodriguez,robert.rodriguez678@example.com,1-555-6183,35,IT,2026-02-02T16:20:22.081Z,I
CUST_000679,Maria,Martinez,maria.martinez679@example.com,1-555-6184,68,AU,2026-02-02T16:20:22.081Z,I
CUST_000680,John,Smith,john.smith680@example.com,1-555-6185,71,DE,2026-02-02T16:20:22.081Z,I
CUST_000681,Jane,Johnson,jane.johnson681@example.com,1-555-6186,20,AU,2026-02-02T16:20:22.081Z,I
CUST_000682,Michael,Williams,michael.williams682@example.com,1-555-6187,18,UK,2026-02-02T16:20:22.081Z,I
CUST_000683,Sarah,Brown,invalid_email_683,1-555-6188,67,UK,2026-02-02T16:20:22.081Z,I
CUST_000684,David,Jones,david.jones684@example.com,1-555-6189,47,FR,2026-02-02T16:20:22.081Z,I
CUST_000685,Emily,Garcia,invalid_email_685,1-555-6190,73,FR,2026-02-02T16:20:22.081Z,I
CUST_000686,James,Miller,james.miller686@example.com,1-555-6191,25,US,2026-02-02T16:20:22.081Z,I
CUST_000687,Lisa,Davis,lisa.davis687@example.com,1-555-6192,28,ES,2026-02-02T16:20:22.081Z,I
CUST_000688,Robert,Rodriguez,robert.rodriguez688@example.com,1-555-6193,23,ES,2026-02-02T16:20:22.081Z,I
CUST_000689,Maria,Martinez,maria.martinez689@example.com,1-555-6194,79,FR,2026-02-02T16:20:22.081Z,I
CUST_000690,John,Smith,john.smith690@example.com,1-555-6195,59,UK,2026-02-02T16:20:22.081Z,I
CUST_000691,Jane,Johnson,jane.johnson691@example.com,1-555-6196,72,UK,2026-02-02T16:20:22.081Z,I
CUST_000692,Michael,Williams,michael.williams692@example.com,1-555-6197,61,CA,2026-02-02T16:20:22.081Z,I
CUST_000693,Sarah,Brown,sarah.brown693@example.com,1-555-6198,57,CA,2026-02-02T16:20:22.081Z,I
CUST_000694,David,Jones,user694@example.com,1-555-6199,150,UK,2026-02-02T16:20:22.081Z,I
CUST_000695,Emily,Garcia,,1-555-6200,51,ES,2026-02-02T16:20:22.081Z,I
CUST_000696,James,Miller,james.miller696@example.com,1-555-6201,64,AU,2026-02-02T16:20:22.082Z,I
CUST_000697,Lisa,Davis,,1-555-6202,75,US,2026-02-02T16:20:22.082Z,I
CUST_000698,Robert,Rodriguez,robert.rodriguez698@example.com,1-555-6203,48,CA,2026-02-02T16:20:22.082Z,I
CUST_000699,Maria,Martinez,maria.martinez699@example.com,1-555-6204,39,US,2026-02-02T16:20:22.082Z,I
CUST_000700,John,Smith,john.smith700@example.com,1-555-6205,42,DE,2026-02-02T16:20:22.082Z,I
CUST_000701,Jane,Johnson,jane.johnson701@example.com,1-555-6206,54,UK,2026-02-02T16:20:22.082Z,I
CUST_000702,Michael,Williams,michael.williams702@example.com,1-555-6207,80,US,2026-02-02T16:20:22.082Z,I
CUST_000703,Sarah,Brown,sarah.brown703@example.com,1-555-6208,53,US,2026-02-02T16:20:22.082Z,I
CUST_000704,David,Jones,david.jones704@example.com,1-555-6209,53,AU,2026-02-02T16:20:22.082Z,I
CUST_000705,Emily,Garcia,emily.garcia705@example.com,1-555-6210,70,AU,2026-02-02T16:20:22.082Z,I
CUST_000706,James,Miller,james.miller706@example.com,1-555-6211,41,UK,2026-02-02T16:20:22.082Z,I
CUST_000707,Lisa,Davis,user707@example.com,1-555-6212,999,JP,2026-02-02T16:20:22.082Z,I
CUST_000708,Robert,Rodriguez,robert.rodriguez708@example.com,1-555-6213,20,AU,2026-02-02T16:20:22.082Z,I
CUST_000709,Maria,Martinez,,1-555-6214,30,UK,2026-02-02T16:20:22.082Z,I
CUST_000710,John,Smith,john.smith710@example.com,1-555-6215,68,ES,2026-02-02T16:20:22.082Z,I
CUST_000711,Jane,Johnson,,1-555-6216,71,AU,2026-02-02T16:20:22.082Z,I
CUST_000712,Michael,Williams,michael.williams712@example.com,1-555-6217,18,US,2026-02-02T16:20:22.082Z,I
CUST_000713,Sarah,Brown,sarah.brown713@example.com,1-555-6218,48,CA,2026-02-02T16:20:22.082Z,I
CUST_000714,David,Jones,david.jones714@example.com,1-555-6219,26,IT,2026-02-02T16:20:22.082Z,I
CUST_000715,Emily,Garcia,emily.garcia715@example.com,1-555-6220,42,BR,2026-02-02T16:20:22.082Z,I
CUST_000716,James,Miller,james.miller716@example.com,1-555-6221,79,FR,2026-02-02T16:20:22.082Z,I
CUST_000717,Lisa,Davis,,1-555-6222,62,FR,2026-02-02T16:20:22.082Z,I
CUST_000718,Robert,Rodriguez,robert.rodriguez718@example.com,1-555-6223,77,DE,2026-02-02T16:20:22.082Z,I
CUST_000719,Maria,Martinez,maria.martinez719@example.com,1-555-6224,76,CA,2026-02-02T16:20:22.082Z,I
CUST_000720,John,Smith,john.smith720@example.com,1-555-6225,66,JP,2026-02-02T16:20:22.082Z,I
CUST_000721,Jane,Johnson,jane.johnson721@example.com,1-555-6226,75,FR,2026-02-02T16:20:22.082Z,I
CUST_000722,Michael,Williams,michael.williams722@example.com,1-555-6227,19,CA,2026-02-02T16:20:22.082Z,I
CUST_000723,Sarah,Brown,sarah.brown723@example.com,1-555-6228,66,FR,2026-02-02T16:20:22.082Z,I
CUST_000724,David,Jones,invalid_email_724,1-555-6229,62,DE,2026-02-02T16:20:22.082Z,I
CUST_000725,Emily,Garcia,emily.garcia725@example.com,1-555-6230,46,BR,2026-02-02T16:20:22.082Z,I
CUST_000726,James,Miller,james.miller726@example.com,1-555-6231,53,DE,2026-02-02T16:20:22.082Z,I
CUST_000727,Lisa,Davis,lisa.davis727@example.com,1-555-6232,21,IT,2026-02-02T16:20:22.082Z,I
CUST_000728,Robert,Rodriguez,robert.rodriguez728@example.com,1-555-6233,21,FR,2026-02-02T16:20:22.082Z,I
CUST_000729,Maria,Martinez,maria.martinez729@example.com,1-555-6234,76,BR,2026-02-02T16:20:22.082Z,I
CUST_000730,John,Smith,john.smith730@example.com,1-555-6235,79,FR,2026-02-02T16:20:22.082Z,I
CUST_000731,Jane,Johnson,jane.johnson731@example.com,1-555-6236,22,CA,2026-02-02T16:20:22.082Z,I
CUST_000732,Michael,Williams,michael.williams732@example.com,1-555-6237,45,JP,2026-02-02T16:20:22.082Z,I
CUST_000733,Sarah,Brown,sarah.brown733@example.com,1-555-6238,72,US,2026-02-02T16:20:22.082Z,I
CUST_000734,David,Jones,david.jones734@example.com,1-555-6239,27,CA,2026-02-02T16:20:22.082Z,I
CUST_000735,Emily,Garcia,emily.garcia735@example.com,1-555-6240,58,AU,2026-02-02T16:20:22.082Z,I
CUST_000736,James,Miller,,1-555-6241,38,DE,2026-02-02T16:20:22.082Z,I
CUST_000737,Lisa,Davis,lisa.davis737@example.com,1-555-6242,28,JP,2026-02-02T16:20:22.082Z,I
CUST_000738,Robert,Rodriguez,invalid_email_738,1-555-6243,74,ES,2026-02-02T16:20:22.082Z,I
CUST_000739,Maria,Martinez,maria.martinez739@example.com,1-555-6244,78,AU,2026-02-02T16:20:22.082Z,I
CUST_000740,John,Smith,user740@example.com,1-555-6245,150,BR,2026-02-02T16:20:22.082Z,I
CUST_000741,Jane,Johnson,jane.johnson741@example.com,1-555-6246,61,IT,2026-02-02T16:20:22.082Z,I
CUST_000742,Michael,Williams,michael.williams742@example.com,1-555-6247,64,US,2026-02-02T16:20:22.082Z,I
CUST_000743,Sarah,Brown,sarah.brown743@example.com,1-555-6248,50,AU,2026-02-02T16:20:22.082Z,I
CUST_000744,David,Jones,david.jones744@example.com,1-555-6249,30,JP,2026-02-02T16:20:22.082Z,I
CUST_000745,Emily,Garcia,emily.garcia745@example.com,1-555-6250,79,JP,2026-02-02T16:20:22.082Z,I
CUST_000746,James,Miller,james.miller746@example.com,1-555-6251,58,IT,2026-02-02T16:20:22.082Z,I
CUST_000747,Lisa,Davis,lisa.davis747@example.com,1-555-6252,62,UK,2026-02-02T16:20:22.082Z,I
CUST_000748,Robert,Rodriguez,,1-555-6253,39,UK,2026-02-02T16:20:22.082Z,I
CUST_000749,Maria,Martinez,maria.martinez749@example.com,1-555-6254,34,BR,2026-02-02T16:20:22.082Z,I
CUST_000750,John,Smith,john.smith750@example.com,1-555-6255,46,IT,2026-02-02T16:20:22.082Z,I
CUST_000751,Jane,Johnson,jane.johnson751@example.com,1-555-6256,25,US,2026-02-02T16:20:22.082Z,I
CUST_000752,Michael,Williams,michael.williams752@example.com,1-555-6257,55,UK,2026-02-02T16:20:22.082Z,I
CUST_000753,Sarah,Brown,sarah.brown753@example.com,1-555-6258,61,BR,2026-02-02T16:20:22.082Z,I
CUST_000754,David,Jones,david.jones754@example.com,1-555-6259,46,IT,2026-02-02T16:20:22.082Z,I
CUST_000755,Emily,Garcia,emily.garcia755@example.com,1-555-6260,52,CA,2026-02-02T16:20:22.082Z,I
CUST_000756,James,Miller,james.miller756@example.com,1-555-6261,27,ES,2026-02-02T16:20:22.082Z,I
CUST_000757,Lisa,Davis,invalid_email_757,1-555-6262,54,JP,2026-02-02T16:20:22.082Z,I
CUST_000758,Robert,Rodriguez,robert.rodriguez758@example.com,1-555-6263,65,DE,2026-02-02T16:20:22.082Z,I
CUST_000759,Maria,Martinez,maria.martinez759@example.com,1-555-6264,32,DE,2026-02-02T16:20:22.082Z,I
CUST_000760,John,Smith,john.smith760@example.com,1-555-6265,54,JP,2026-02-02T16:20:22.082Z,I
CUST_000761,Jane,Johnson,jane.johnson761@example.com,1-555-6266,22,UK,2026-02-02T16:20:22.082Z,I
CUST_000762,Michael,Williams,michael.williams762@example.com,1-555-6267,40,DE,2026-02-02T16:20:22.082Z,I
CUST_000763,Sarah,Brown,sarah.brown763@example.com,1-555-6268,75,ES,2026-02-02T16:20:22.082Z,I
CUST_000764,David,Jones,david.jones764@example.com,1-555-6269,60,BR,2026-02-02T16:20:22.082Z,I
CUST_000765,Emily,Garcia,emily.garcia765@example.com,1-555-6270,79,CA,2026-02-02T16:20:22.082Z,I
CUST_000766,James,Miller,james.miller766@example.com,1-555-6271,32,FR,2026-02-02T16:20:22.082Z,I
CUST_000767,Lisa,Davis,lisa.davis767@example.com,1-555-6272,39,AU,2026-02-02T16:20:22.082Z,I
CUST_000768,Robert,Rodriguez,robert.rodriguez768@example.com,1-555-6273,49,CA,2026-02-02T16:20:22.082Z,I
CUST_000769,Maria,Martinez,maria.martinez769@example.com,1-555-6274,72,JP,2026-02-02T16:20:22.082Z,I
CUST_000770,John,Smith,john.smith770@example.com,1-555-6275,58,UK,2026-02-02T16:20:22.082Z,I
CUST_000771,Jane,Johnson,jane.johnson771@example.com,1-555-6276,55,BR,2026-02-02T16:20:22.082Z,I
CUST_000772,Michael,Williams,michael.williams772@example.com,1-555-6277,52,AU,2026-02-02T16:20:22.082Z,I
CUST_000773,Sarah,Brown,sarah.brown773@example.com,1-555-6278,32,CA,2026-02-02T16:20:22.082Z,I
CUST_000774,David,Jones,david.jones774@example.com,1-555-6279,50,DE,2026-02-02T16:20:22.082Z,I
CUST_000775,Emily,Garcia,emily.garcia775@example.com,1-555-6280,26,CA,2026-02-02T16:20:22.082Z,I
CUST_000776,James,Miller,james.miller776@example.com,1-555-6281,48,US,2026-02-02T16:20:22.082Z,I
CUST_000777,Lisa,Davis,lisa.davis777@example.com,1-555-6282,34,DE,2026-02-02T16:20:22.082Z,I
CUST_000778,Robert,Rodriguez,robert.rodriguez778@example.com,1-555-6283,68,IT,2026-02-02T16:20:22.082Z,I
CUST_000779,Maria,Martinez,maria.martinez779@example.com,1-555-6284,20,UK,2026-02-02T16:20:22.082Z,I
CUST_000780,John,Smith,john.smith780@example.com,1-555-6285,34,BR,2026-02-02T16:20:22.082Z,I
CUST_000781,Jane,Johnson,jane.johnson781@example.com,1-555-6286,41,JP,2026-02-02T16:20:22.082Z,I
CUST_000782,Michael,Williams,michael.williams782@example.com,1-555-6287,32,IT,2026-02-02T16:20:22.082Z,I
CUST_000783,Sarah,Brown,sarah.brown783@example.com,1-555-6288,48,JP,2026-02-02T16:20:22.082Z,I
CUST_000784,David,Jones,david.jones784@example.com,1-555-6289,22,FR,2026-02-02T16:20:22.082Z,I
CUST_000785,Emily,Garcia,emily.garcia785@example.com,1-555-6290,41,DE,2026-02-02T16:20:22.082Z,I
CUST_000786,James,Miller,james.miller786@example.com,1-555-6291,48,AU,2026-02-02T16:20:22.082Z,I
CUST_000787,Lisa,Davis,lisa.davis787@example.com,1-555-6292,44,DE,2026-02-02T16:20:22.082Z,I
CUST_000788,Robert,Rodriguez,robert.rodriguez788@example.com,1-555-6293,28,JP,2026-02-02T16:20:22.082Z,I
CUST_000789,Maria,Martinez,user789@example.com,1-555-6294,-5,IT,2026-02-02T16:20:22.082Z,I
CUST_000790,John,Smith,john.smith790@example.com,1-555-6295,64,UK,2026-02-02T16:20:22.082Z,I
CUST_000791,Jane,Johnson,jane.johnson791@example.com,1-555-6296,48,CA,2026-02-02T16:20:22.082Z,I
CUST_000792,Michael,Williams,michael.williams792@example.com,1-555-6297,68,BR,2026-02-02T16:20:22.082Z,I
CUST_000793,Sarah,Brown,sarah.brown793@example.com,1-555-6298,61,AU,2026-02-02T16:20:22.082Z,I
CUST_000794,David,Jones,david.jones794@example.com,1-555-6299,42,UK,2026-02-02T16:20:22.082Z,I
CUST_000795,Emily,Garcia,emily.garcia795@example.com,1-555-6300,76,IT,2026-02-02T16:20:22.082Z,I
CUST_000796,James,Miller,james.miller796@example.com,1-555-6301,75,JP,2026-02-02T16:20:22.082Z,I
CUST_000797,Lisa,Davis,,1-555-6302,26,US,2026-02-02T16:20:22.082Z,I
CUST_000798,Robert,Rodriguez,robert.rodriguez798@example.com,1-555-6303,41,JP,2026-02-02T16:20:22.082Z,I
CUST_000799,Maria,Martinez,maria.martinez799@example.com,1-555-6304,48,ES,2026-02-02T16:20:22.082Z,I
CUST_000800,John,Smith,john.smith800@example.com,1-555-6305,34,DE,2026-02-02T16:20:22.082Z,I
CUST_000801,Jane,Johnson,jane.johnson801@example.com,1-555-6306,52,FR,2026-02-02T16:20:22.082Z,I
CUST_000802,Michael,Williams,michael.williams802@example.com,1-555-6307,68,BR,2026-02-02T16:20:22.082Z,I
CUST_000803,Sarah,Brown,sarah.brown803@example.com,1-555-6308,42,ES,2026-02-02T16:20:22.082Z,I
CUST_000804,David,Jones,user804@example.com,1-555-6309,999,FR,2026-02-02T16:20:22.082Z,I
CUST_000805,Emily,Garcia,emily.garcia805@example.com,1-555-6310,57,IT,2026-02-02T16:20:22.082Z,I
CUST_000806,James,Miller,james.miller806@example.com,1-555-6311,53,CA,2026-02-02T16:20:22.082Z,I
CUST_000807,Lisa,Davis,lisa.davis807@example.com,1-555-6312,37,IT,2026-02-02T16:20:22.082Z,I
CUST_000808,Robert,Rodriguez,robert.rodriguez808@example.com,1-555-6313,46,UK,2026-02-02T16:20:22.082Z,I
CUST_000809,Maria,Martinez,maria.martinez809@example.com,1-555-6314,69,CA,2026-02-02T16:20:22.082Z,I
CUST_000810,John,Smith,john.smith810@example.com,1-555-6315,70,AU,2026-02-02T16:20:22.082Z,I
CUST_000811,Jane,Johnson,user811@example.com,1-555-6316,-5,UK,2026-02-02T16:20:22.082Z,I
CUST_000812,Michael,Williams,michael.williams812@example.com,1-555-6317,77,BR,2026-02-02T16:20:22.082Z,I
CUST_000813,Sarah,Brown,sarah.brown813@example.com,1-555-6318,56,CA,2026-02-02T16:20:22.082Z,I
CUST_000814,David,Jones,david.jones814@example.com,1-555-6319,30,FR,2026-02-02T16:20:22.082Z,I
CUST_000815,Emily,Garcia,emily.garcia815@example.com,1-555-6320,50,DE,2026-02-02T16:20:22.082Z,I
CUST_000816,James,Miller,james.miller816@example.com,1-555-6321,41,US,2026-02-02T16:20:22.082Z,I
CUST_000817,Lisa,Davis,lisa.davis817@example.com,1-555-6322,67,ES,2026-02-02T16:20:22.082Z,I
CUST_000818,Robert,Rodriguez,robert.rodriguez818@example.com,1-555-6323,30,US,2026-02-02T16:20:22.082Z,I
CUST_000819,Maria,Martinez,maria.martinez819@example.com,1-555-6324,53,JP,2026-02-02T16:20:22.082Z,I
CUST_000820,John,Smith,john.smith820@example.com,1-555-6325,70,DE,2026-02-02T16:20:22.082Z,I
CUST_000821,Jane,Johnson,jane.johnson821@example.com,1-555-6326,43,FR,2026-02-02T16:20:22.082Z,I
CUST_000822,Michael,Williams,michael.williams822@example.com,1-555-6327,53,JP,2026-02-02T16:20:22.082Z,I
CUST_000823,Sarah,Brown,sarah.brown823@example.com,1-555-6328,69,FR,2026-02-02T16:20:22.082Z,I
CUST_000824,David,Jones,david.jones824@example.com,1-555-6329,79,BR,2026-02-02T16:20:22.082Z,I
CUST_000825,Emily,Garcia,emily.garcia825@example.com,1-555-6330,79,AU,2026-02-02T16:20:22.082Z,I
CUST_000826,James,Miller,james.miller826@example.com,1-555-6331,34,IT,2026-02-02T16:20:22.082Z,I
CUST_000827,Lisa,Davis,lisa.davis827@example.com,1-555-6332,32,IT,2026-02-02T16:20:22.082Z,I
CUST_000828,Robert,Rodriguez,robert.rodriguez828@example.com,1-555-6333,34,FR,2026-02-02T16:20:22.082Z,I
CUST_000829,Maria,Martinez,maria.martinez829@example.com,1-555-6334,70,UK,2026-02-02T16:20:22.082Z,I
CUST_000830,John,Smith,john.smith830@example.com,1-555-6335,40,BR,2026-02-02T16:20:22.082Z,I
CUST_000831,Jane,Johnson,jane.johnson831@example.com,1-555-6336,61,AU,2026-02-02T16:20:22.082Z,I
CUST_000832,Michael,Williams,michael.williams832@example.com,1-555-6337,73,DE,2026-02-02T16:20:22.082Z,I
CUST_000833,Sarah,Brown,sarah.brown833@example.com,1-555-6338,71,CA,2026-02-02T16:20:22.082Z,I
CUST_000834,David,Jones,david.jones834@example.com,1-555-6339,61,BR,2026-02-02T16:20:22.082Z,I
CUST_000835,Emily,Garcia,emily.garcia835@example.com,1-555-6340,41,AU,2026-02-02T16:20:22.082Z,I
CUST_000836,James,Miller,james.miller836@example.com,1-555-6341,66,FR,2026-02-02T16:20:22.082Z,I
CUST_000837,Lisa,Davis,lisa.davis837@example.com,1-555-6342,26,JP,2026-02-02T16:20:22.082Z,I
CUST_000838,Robert,Rodriguez,robert.rodriguez838@example.com,1-555-6343,20,ES,2026-02-02T16:20:22.083Z,I
CUST_000839,Maria,Martinez,maria.martinez839@example.com,1-555-6344,25,AU,2026-02-02T16:20:22.083Z,I
CUST_000840,John,Smith,invalid_email_840,1-555-6345,42,ES,2026-02-02T16:20:22.083Z,I
CUST_000841,Jane,Johnson,jane.johnson841@example.com,1-555-6346,34,FR,2026-02-02T16:20:22.083Z,I
CUST_000842,Michael,Williams,michael.williams842@example.com,1-555-6347,49,DE,2026-02-02T16:20:22.083Z,I
CUST_000843,Sarah,Brown,sarah.brown843@example.com,1-555-6348,43,AU,2026-02-02T16:20:22.083Z,I
CUST_000844,David,Jones,david.jones844@example.com,1-555-6349,61,UK,2026-02-02T16:20:22.083Z,I
CUST_000845,Emily,Garcia,emily.garcia845@example.com,1-555-6350,72,DE,2026-02-02T16:20:22.083Z,I
CUST_000846,James,Miller,james.miller846@example.com,1-555-6351,18,IT,2026-02-02T16:20:22.083Z,I
CUST_000847,Lisa,Davis,lisa.davis847@example.com,1-555-6352,72,JP,2026-02-02T16:20:22.083Z,I
CUST_000848,Robert,Rodriguez,robert.rodriguez848@example.com,1-555-6353,53,IT,2026-02-02T16:20:22.083Z,I
CUST_000849,Maria,Martinez,user849@example.com,1-555-6354,150,AU,2026-02-02T16:20:22.083Z,I
CUST_000850,John,Smith,john.smith850@example.com,1-555-6355,53,ES,2026-02-02T16:20:22.083Z,I
CUST_000851,Jane,Johnson,,1-555-6356,79,BR,2026-02-02T16:20:22.083Z,I
CUST_000852,Michael,Williams,michael.williams852@example.com,1-555-6357,36,ES,2026-02-02T16:20:22.083Z,I
CUST_000853,Sarah,Brown,sarah.brown853@example.com,1-555-6358,46,IT,2026-02-02T16:20:22.083Z,I
CUST_000854,David,Jones,david.jones854@example.com,1-555-6359,79,CA,2026-02-02T16:20:22.083Z,I
CUST_000855,Emily,Garcia,emily.garcia855@example.com,1-555-6360,57,UK,2026-02-02T16:20:22.083Z,I
CUST_000856,James,Miller,james.miller856@example.com,1-555-6361,38,FR,2026-02-02T16:20:22.083Z,I
CUST_000857,Lisa,Davis,lisa.davis857@example.com,1-555-6362,43,AU,2026-02-02T16:20:22.083Z,I
CUST_000858,Robert,Rodriguez,robert.rodriguez858@example.com,1-555-6363,29,CA,2026-02-02T16:20:22.083Z,I
CUST_000859,Maria,Martinez,maria.martinez859@example.com,1-555-6364,62,DE,2026-02-02T16:20:22.083Z,I
CUST_000860,John,Smith,invalid_email_860,1-555-6365,77,JP,2026-02-02T16:20:22.083Z,I
CUST_000861,Jane,Johnson,jane.johnson861@example.com,1-555-6366,51,UK,2026-02-02T16:20:22.083Z,I
CUST_000862,Michael,Williams,user862@example.com,1-555-6367,150,DE,2026-02-02T16:20:22.083Z,I
CUST_000863,Sarah,Brown,sarah.brown863@example.com,1-555-6368,26,CA,2026-02-02T16:20:22.083Z,I
CUST_000864,David,Jones,david.jones864@example.com,1-555-6369,73,AU,2026-02-02T16:20:22.083Z,I
CUST_000865,Emily,Garcia,emily.garcia865@example.com,1-555-6370,26,CA,2026-02-02T16:20:22.083Z,I
CUST_000866,James,Miller,james.miller866@example.com,1-555-6371,58,JP,2026-02-02T16:20:22.083Z,I
CUST_000867,Lisa,Davis,lisa.davis867@example.com,1-555-6372,48,DE,2026-02-02T16:20:22.083Z,I
CUST_000868,Robert,Rodriguez,robert.rodriguez868@example.com,1-555-6373,44,CA,2026-02-02T16:20:22.083Z,I
CUST_000869,Maria,Martinez,invalid_email_869,1-555-6374,40,AU,2026-02-02T16:20:22.083Z,I
CUST_000870,John,Smith,john.smith870@example.com,1-555-6375,49,FR,2026-02-02T16:20:22.083Z,I
CUST_000871,Jane,Johnson,jane.johnson871@example.com,1-555-6376,56,US,2026-02-02T16:20:22.083Z,I
CUST_000872,Michael,Williams,michael.williams872@example.com,1-555-6377,74,IT,2026-02-02T16:20:22.083Z,I
CUST_000873,Sarah,Brown,sarah.brown873@example.com,1-555-6378,59,IT,2026-02-02T16:20:22.083Z,I
CUST_000874,David,Jones,,1-555-6379,33,BR,2026-02-02T16:20:22.083Z,I
CUST_000875,Emily,Garcia,emily.garcia875@example.com,1-555-6380,65,FR,2026-02-02T16:20:22.083Z,I
CUST_000876,James,Miller,james.miller876@example.com,1-555-6381,29,FR,2026-02-02T16:20:22.083Z,I
CUST_000877,Lisa,Davis,lisa.davis877@example.com,1-555-6382,35,DE,2026-02-02T16:20:22.083Z,I
CUST_000878,Robert,Rodriguez,robert.rodriguez878@example.com,1-555-6383,80,US,2026-02-02T16:20:22.083Z,I
CUST_000879,Maria,Martinez,maria.martinez879@example.com,1-555-6384,26,US,2026-02-02T16:20:22.083Z,I
CUST_000880,John,Smith,john.smith880@example.com,1-555-6385,49,ES,2026-02-02T16:20:22.083Z,I
CUST_000881,Jane,Johnson,jane.johnson881@example.com,1-555-6386,49,AU,2026-02-02T16:20:22.083Z,I
CUST_000882,Michael,Williams,michael.williams882@example.com,1-555-6387,71,US,2026-02-02T16:20:22.083Z,I
CUST_000883,Sarah,Brown,user883@example.com,1-555-6388,-5,FR,2026-02-02T16:20:22.083Z,I
CUST_000884,David,Jones,,1-555-6389,33,AU,2026-02-02T16:20:22.083Z,I
CUST_000885,Emily,Garcia,emily.garcia885@example.com,1-555-6390,65,JP,2026-02-02T16:20:22.083Z,I
CUST_000886,James,Miller,james.miller886@example.com,1-555-6391,61,ES,2026-02-02T16:20:22.083Z,I
CUST_000887,Lisa,Davis,lisa.davis887@example.com,1-555-6392,53,UK,2026-02-02T16:20:22.083Z,I
CUST_000888,Robert,Rodriguez,robert.rodriguez888@example.com,1-555-6393,30,US,2026-02-02T16:20:22.083Z,I
CUST_000889,Maria,Martinez,maria.martinez889@example.com,1-555-6394,33,ES,2026-02-02T16:20:22.083Z,I
CUST_000890,John,Smith,john.smith890@example.com,1-555-6395,55,IT,2026-02-02T16:20:22.083Z,I
CUST_000891,Jane,Johnson,jane.johnson891@example.com,1-555-6396,55,BR,2026-02-02T16:20:22.083Z,I
CUST_000892,Michael,Williams,michael.williams892@example.com,1-555-6397,33,AU,2026-02-02T16:20:22.083Z,I
CUST_000893,Sarah,Brown,sarah.brown893@example.com,1-555-6398,66,US,2026-02-02T16:20:22.083Z,I
CUST_000894,David,Jones,david.jones894@example.com,1-555-6399,68,CA,2026-02-02T16:20:22.083Z,I
CUST_000895,Emily,Garcia,emily.garcia895@example.com,1-555-6400,53,AU,2026-02-02T16:20:22.083Z,I
CUST_000896,James,Miller,james.miller896@example.com,1-555-6401,40,FR,2026-02-02T16:20:22.083Z,I
CUST_000897,Lisa,Davis,lisa.davis897@example.com,1-555-6402,53,JP,2026-02-02T16:20:22.083Z,I
CUST_000898,Robert,Rodriguez,robert.rodriguez898@example.com,1-555-6403,29,ES,2026-02-02T16:20:22.083Z,I
CUST_000899,Maria,Martinez,maria.martinez899@example.com,1-555-6404,71,UK,2026-02-02T16:20:22.083Z,I
CUST_000900,John,Smith,john.smith900@example.com,1-555-6405,70,JP,2026-02-02T16:20:22.083Z,I
CUST_000901,Jane,Johnson,,1-555-6406,50,CA,2026-02-02T16:20:22.083Z,I
CUST_000902,Michael,Williams,michael.williams902@example.com,1-555-6407,33,UK,2026-02-02T16:20:22.083Z,I
CUST_000903,Sarah,Brown,sarah.brown903@example.com,1-555-6408,61,JP,2026-02-02T16:20:22.083Z,I
CUST_000904,David,Jones,david.jones904@example.com,1-555-6409,59,UK,2026-02-02T16:20:22.083Z,I
CUST_000905,Emily,Garcia,invalid_email_905,1-555-6410,29,DE,2026-02-02T16:20:22.083Z,I
CUST_000906,James,Miller,james.miller906@example.com,1-555-6411,20,AU,2026-02-02T16:20:22.083Z,I
CUST_000907,Lisa,Davis,invalid_email_907,1-555-6412,56,US,2026-02-02T16:20:22.083Z,I
CUST_000908,Robert,Rodriguez,robert.rodriguez908@example.com,1-555-6413,71,AU,2026-02-02T16:20:22.083Z,I
CUST_000909,Maria,Martinez,maria.martinez909@example.com,1-555-6414,65,ES,2026-02-02T16:20:22.083Z,I
CUST_000910,John,Smith,john.smith910@example.com,1-555-6415,35,US,2026-02-02T16:20:22.083Z,I
CUST_000911,Jane,Johnson,invalid_email_911,1-555-6416,79,UK,2026-02-02T16:20:22.083Z,I
CUST_000912,Michael,Williams,michael.williams912@example.com,1-555-6417,30,JP,2026-02-02T16:20:22.083Z,I
CUST_000913,Sarah,Brown,sarah.brown913@example.com,1-555-6418,78,JP,2026-02-02T16:20:22.083Z,I
CUST_000914,David,Jones,david.jones914@example.com,1-555-6419,67,AU,2026-02-02T16:20:22.083Z,I
CUST_000915,Emily,Garcia,emily.garcia915@example.com,1-555-6420,28,JP,2026-02-02T16:20:22.083Z,I
CUST_000916,James,Miller,james.miller916@example.com,1-555-6421,52,ES,2026-02-02T16:20:22.083Z,I
CUST_000917,Lisa,Davis,lisa.davis917@example.com,1-555-6422,44,ES,2026-02-02T16:20:22.083Z,I
CUST_000918,Robert,Rodriguez,robert.rodriguez918@example.com,1-555-6423,31,JP,2026-02-02T16:20:22.083Z,I
CUST_000919,Maria,Martinez,maria.martinez919@example.com,1-555-6424,46,US,2026-02-02T16:20:22.083Z,I
CUST_000920,John,Smith,john.smith920@example.com,1-555-6425,51,FR,2026-02-02T16:20:22.083Z,I
CUST_000921,Jane,Johnson,jane.johnson921@example.com,1-555-6426,31,US,2026-02-02T16:20:22.083Z,I
CUST_000922,Michael,Williams,michael.williams922@example.com,1-555-6427,50,UK,2026-02-02T16:20:22.083Z,I
CUST_000923,Sarah,Brown,sarah.brown923@example.com,1-555-6428,26,ES,2026-02-02T16:20:22.083Z,I
CUST_000924,David,Jones,david.jones924@example.com,1-555-6429,69,UK,2026-02-02T16:20:22.083Z,I
CUST_000925,Emily,Garcia,emily.garcia925@example.com,1-555-6430,31,ES,2026-02-02T16:20:22.083Z,I
CUST_000926,James,Miller,james.miller926@example.com,1-555-6431,75,BR,2026-02-02T16:20:22.083Z,I
CUST_000927,Lisa,Davis,,1-555-6432,42,US,2026-02-02T16:20:22.083Z,I
CUST_000928,Robert,Rodriguez,robert.rodriguez928@example.com,1-555-6433,45,UK,2026-02-02T16:20:22.083Z,I
CUST_000929,Maria,Martinez,maria.martinez929@example.com,1-555-6434,58,US,2026-02-02T16:20:22.083Z,I
CUST_000930,John,Smith,john.smith930@example.com,1-555-6435,54,ES,2026-02-02T16:20:22.083Z,I
CUST_000931,Jane,Johnson,jane.johnson931@example.com,1-555-6436,61,AU,2026-02-02T16:20:22.083Z,I
CUST_000932,Michael,Williams,michael.williams932@example.com,1-555-6437,36,CA,2026-02-02T16:20:22.083Z,I
CUST_000933,Sarah,Brown,,1-555-6438,65,JP,2026-02-02T16:20:22.083Z,I
CUST_000934,David,Jones,,1-555-6439,45,CA,2026-02-02T16:20:22.083Z,I
CUST_000935,Emily,Garcia,emily.garcia935@example.com,1-555-6440,59,JP,2026-02-02T16:20:22.083Z,I
CUST_000936,James,Miller,james.miller936@example.com,1-555-6441,35,ES,2026-02-02T16:20:22.083Z,I
CUST_000937,Lisa,Davis,user937@example.com,1-555-6442,150,ES,2026-02-02T16:20:22.083Z,I
CUST_000938,Robert,Rodriguez,robert.rodriguez938@example.com,1-555-6443,59,FR,2026-02-02T16:20:22.083Z,I
CUST_000939,Maria,Martinez,maria.martinez939@example.com,1-555-6444,69,BR,2026-02-02T16:20:22.083Z,I
CUST_000940,John,Smith,invalid_email_940,1-555-6445,30,CA,2026-02-02T16:20:22.083Z,I
CUST_000941,Jane,Johnson,jane.johnson941@example.com,1-555-6446,33,FR,2026-02-02T16:20:22.083Z,I
CUST_000942,Michael,Williams,michael.williams942@example.com,1-555-6447,25,AU,2026-02-02T16:20:22.083Z,I
CUST_000943,Sarah,Brown,sarah.brown943@example.com,1-555-6448,65,DE,2026-02-02T16:20:22.083Z,I
CUST_000944,David,Jones,david.jones944@example.com,1-555-6449,57,US,2026-02-02T16:20:22.083Z,I
CUST_000945,Emily,Garcia,emily.garcia945@example.com,1-555-6450,21,DE,2026-02-02T16:20:22.083Z,I
CUST_000946,James,Miller,,1-555-6451,78,UK,2026-02-02T16:20:22.083Z,I
CUST_000947,Lisa,Davis,lisa.davis947@example.com,1-555-6452,76,UK,2026-02-02T16:20:22.083Z,I
CUST_000948,Robert,Rodriguez,robert.rodriguez948@example.com,1-555-6453,59,DE,2026-02-02T16:20:22.083Z,I
CUST_000949,Maria,Martinez,maria.martinez949@example.com,1-555-6454,49,UK,2026-02-02T16:20:22.083Z,I
CUST_000950,John,Smith,john.smith950@example.com,1-555-6455,47,US,2026-02-02T16:20:22.083Z,I
CUST_000951,Jane,Johnson,jane.johnson951@example.com,1-555-6456,43,US,2026-02-02T16:20:22.083Z,I
CUST_000952,Michael,Williams,michael.williams952@example.com,1-555-6457,37,JP,2026-02-02T16:20:22.083Z,I
CUST_000953,Sarah,Brown,sarah.brown953@example.com,1-555-6458,74,US,2026-02-02T16:20:22.083Z,I
CUST_000954,David,Jones,david.jones954@example.com,1-555-6459,39,CA,2026-02-02T16:20:22.083Z,I
CUST_000955,Emily,Garcia,emily.garcia955@example.com,1-555-6460,61,IT,2026-02-02T16:20:22.083Z,I
CUST_000956,James,Miller,james.miller956@example.com,1-555-6461,37,AU,2026-02-02T16:20:22.083Z,I
CUST_000957,Lisa,Davis,lisa.davis957@example.com,1-555-6462,26,DE,2026-02-02T16:20:22.083Z,I
CUST_000958,Robert,Rodriguez,robert.rodriguez958@example.com,1-555-6463,75,CA,2026-02-02T16:20:22.083Z,I
CUST_000959,Maria,Martinez,maria.martinez959@example.com,1-555-6464,54,ES,2026-02-02T16:20:22.083Z,I
CUST_000960,John,Smith,john.smith960@example.com,1-555-6465,71,US,2026-02-02T16:20:22.083Z,I
CUST_000961,Jane,Johnson,jane.johnson961@example.com,1-555-6466,37,FR,2026-02-02T16:20:22.083Z,I
CUST_000962,Michael,Williams,invalid_email_962,1-555-6467,19,BR,2026-02-02T16:20:22.083Z,I
CUST_000963,Sarah,Brown,sarah.brown963@example.com,1-555-6468,32,ES,2026-02-02T16:20:22.083Z,I
CUST_000964,David,Jones,,1-555-6469,48,CA,2026-02-02T16:20:22.083Z,I
CUST_000965,Emily,Garcia,emily.garcia965@example.com,1-555-6470,28,DE,2026-02-02T16:20:22.083Z,I
CUST_000966,James,Miller,james.miller966@example.com,1-555-6471,18,IT,2026-02-02T16:20:22.083Z,I
CUST_000967,Lisa,Davis,lisa.davis967@example.com,1-555-6472,22,AU,2026-02-02T16:20:22.083Z,I
CUST_000968,Robert,Rodriguez,robert.rodriguez968@example.com,1-555-6473,73,DE,2026-02-02T16:20:22.083Z,I
CUST_000969,Maria,Martinez,maria.martinez969@example.com,1-555-6474,56,ES,2026-02-02T16:20:22.083Z,I
CUST_000970,John,Smith,john.smith970@example.com,1-555-6475,46,US,2026-02-02T16:20:22.083Z,I
CUST_000971,Jane,Johnson,jane.johnson971@example.com,1-555-6476,20,JP,2026-02-02T16:20:22.083Z,I
CUST_000972,Michael,Williams,michael.williams972@example.com,1-555-6477,46,FR,2026-02-02T16:20:22.084Z,I
CUST_000973,Sarah,Brown,sarah.brown973@example.com,1-555-6478,36,JP,2026-02-02T16:20:22.084Z,I
CUST_000974,David,Jones,david.jones974@example.com,1-555-6479,46,JP,2026-02-02T16:20:22.084Z,I
CUST_000975,Emily,Garcia,emily.garcia975@example.com,1-555-6480,78,CA,2026-02-02T16:20:22.084Z,I
CUST_000976,James,Miller,james.miller976@example.com,1-555-6481,19,AU,2026-02-02T16:20:22.084Z,I
CUST_000977,Lisa,Davis,lisa.davis977@example.com,1-555-6482,23,ES,2026-02-02T16:20:22.084Z,I
CUST_000978,Robert,Rodriguez,robert.rodriguez978@example.com,1-555-6483,25,UK,2026-02-02T16:20:22.084Z,I
CUST_000979,Maria,Martinez,maria.martinez979@example.com,1-555-6484,23,IT,2026-02-02T16:20:22.084Z,I
CUST_000980,John,Smith,john.smith980@example.com,1-555-6485,42,CA,2026-02-02T16:20:22.084Z,I
CUST_000981,Jane,Johnson,jane.johnson981@example.com,1-555-6486,27,US,2026-02-02T16:20:22.084Z,I
CUST_000982,Michael,Williams,michael.williams982@example.com,1-555-6487,67,FR,2026-02-02T16:20:22.084Z,I
CUST_000983,Sarah,Brown,invalid_email_983,1-555-6488,79,US,2026-02-02T16:20:22.084Z,I
CUST_000984,David,Jones,user984@example.com,1-555-6489,150,US,2026-02-02T16:20:22.084Z,I
CUST_000985,Emily,Garcia,emily.garcia985@example.com,1-555-6490,55,AU,2026-02-02T16:20:22.084Z,I
CUST_000986,James,Miller,,1-555-6491,18,JP,2026-02-02T16:20:22.084Z,I
CUST_000987,Lisa,Davis,invalid_email_987,1-555-6492,21,US,2026-02-02T16:20:22.084Z,I
CUST_000988,Robert,Rodriguez,robert.rodriguez988@example.com,1-555-6493,71,ES,2026-02-02T16:20:22.084Z,I
CUST_000989,Maria,Martinez,invalid_email_989,1-555-6494,28,BR,2026-02-02T16:20:22.084Z,I
CUST_000990,John,Smith,john.smith990@example.com,1-555-6495,65,US,2026-02-02T16:20:22.084Z,I
CUST_000991,Jane,Johnson,jane.johnson991@example.com,1-555-6496,75,UK,2026-02-02T16:20:22.084Z,I
CUST_000992,Michael,Williams,michael.williams992@example.com,1-555-6497,26,FR,2026-02-02T16:20:22.084Z,I
CUST_000993,Sarah,Brown,sarah.brown993@example.com,1-555-6498,62,BR,2026-02-02T16:20:22.084Z,I
CUST_000994,David,Jones,david.jones994@example.com,1-555-6499,80,UK,2026-02-02T16:20:22.084Z,I
CUST_000995,Emily,Garcia,emily.garcia995@example.com,1-555-6500,72,FR,2026-02-02T16:20:22.084Z,I
CUST_000996,James,Miller,james.miller996@example.com,1-555-6501,57,JP,2026-02-02T16:20:22.084Z,I
CUST_000997,Lisa,Davis,lisa.davis997@example.com,1-555-6502,29,FR,2026-02-02T16:20:22.084Z,I
CUST_000998,Robert,Rodriguez,user998@example.com,1-555-6503,999,DE,2026-02-02T16:20:22.084Z,I
CUST_000999,Maria,Martinez,maria.martinez999@example.com,1-555-6504,39,JP,2026-02-02T16:20:22.084Z,I
CUST_001000,John,Smith,invalid_email_1000,1-555-6505,62,FR,2026-02-02T16:20:22.084Z,I
