product_id,product_name,category,price,stock_quantity,supplier,created_timestamp,state
PROD_00001,Product 1,Sports,-50,67,SupplierC,2024-09-25T16:20:26.861Z,I
PROD_00002,Product 2,Books,632.9,295,SupplierB,2024-12-10T16:20:26.861Z,I
PROD_00003,Product 3,Food,-50,283,SupplierA,2024-05-28T16:20:26.861Z,I
PROD_00004,Product 4,Food,143.5,37,SupplierD,2024-12-30T16:20:26.861Z,I
PROD_00005,Product 5,Electronics,317.78,490,SupplierD,2024-08-23T16:20:26.861Z,I
PROD_00006,Product 6,Toys,707.54,343,SupplierB,2024-08-22T16:20:26.861Z,I
PROD_00007,Product 7,Electronics,604.11,401,SupplierA,2024-06-28T16:20:26.861Z,I
PROD_00008,Product 8,Clothing,835.61,282,SupplierC,2025-10-01T16:20:26.861Z,I
PROD_00009,Product 9,Clothing,594.26,481,SupplierD,2025-04-06T16:20:26.861Z,I
PROD_00010,Product 10,Sports,145.21,482,SupplierC,2024-07-28T16:20:26.861Z,I
PROD_00011,Product 11,Toys,452.03,415,SupplierC,2024-12-24T16:20:26.861Z,I
PROD_00012,Product 12,Books,136.23,421,SupplierC,2024-02-06T16:20:26.861Z,I
PROD_00013,Product 13,Electronics,488.68,427,SupplierC,2024-10-15T16:20:26.861Z,I
PROD_00014,Product 14,Books,130.79,432,SupplierB,2025-08-27T16:20:26.861Z,I
PROD_00015,Product 15,Electronics,370.33,425,SupplierE,2025-12-16T16:20:26.861Z,I
PROD_00016,Product 16,Sports,54.53,323,SupplierB,2025-01-18T16:20:26.861Z,I
PROD_00017,Product 17,Clothing,950.89,235,SupplierB,2025-08-17T16:20:26.861Z,I
PROD_00018,Product 18,Books,865.19,90,SupplierB,2024-06-09T16:20:26.861Z,I
PROD_00019,Product 19,Food,887.99,453,SupplierC,2025-12-29T16:20:26.861Z,I
PROD_00020,Product 20,Toys,75000,266,SupplierE,2025-06-30T16:20:26.861Z,I
PROD_00021,Product 21,Clothing,265.51,231,SupplierA,2025-08-17T16:20:26.861Z,I
PROD_00022,Product 22,Books,77.13,482,SupplierC,2025-12-28T16:20:26.861Z,I
PROD_00023,Product 23,Books,63.62,179,SupplierA,2025-10-02T16:20:26.861Z,I
PROD_00024,Product 24,Books,374.94,0,SupplierB,2024-09-16T16:20:26.861Z,I
PROD_00025,Product 25,Toys,113.66,417,SupplierA,2025-02-15T16:20:26.861Z,I
PROD_00026,Product 26,Electronics,85.47,450,SupplierC,2025-05-16T16:20:26.861Z,I
PROD_00027,Product 27,Electronics,862.88,225,SupplierE,2025-08-17T16:20:26.861Z,I
PROD_00028,Product 28,Food,37.66,36,SupplierD,2024-05-06T16:20:26.861Z,I
PROD_00029,Product 29,Sports,19.63,489,SupplierC,2024-03-05T16:20:26.861Z,I
PROD_00030,,Toys,563.97,167,SupplierC,2025-05-16T16:20:26.861Z,I
PROD_00031,Product 31,Books,145.14,290,SupplierD,2024-11-06T16:20:26.861Z,I
PROD_00032,Product 32,Food,575.22,442,SupplierD,2025-01-16T16:20:26.861Z,I
PROD_00033,Product 33,Sports,260.81,489,SupplierA,2024-11-06T16:20:26.861Z,I
PROD_00034,Product 34,Food,92.65,319,SupplierE,2025-08-12T16:20:26.861Z,I
PROD_00035,Product 35,Food,206.17,159,SupplierE,2025-10-11T16:20:26.861Z,I
PROD_00036,Product 36,Electronics,771.66,396,SupplierA,2025-04-14T16:20:26.861Z,I
PROD_00037,Product 37,Books,157.96,396,SupplierE,2024-11-17T16:20:26.862Z,I
PROD_00038,Product 38,Home & Garden,187.26,239,SupplierB,2024-12-31T16:20:26.862Z,I
PROD_00039,Product 39,Food,526.4,451,SupplierB,2025-01-23T16:20:26.862Z,I
PROD_00040,Product 40,Electronics,155.63,271,SupplierD,2025-03-30T16:20:26.862Z,I
PROD_00041,Product 41,Sports,438.24,381,SupplierD,2025-06-19T16:20:26.862Z,I
PROD_00042,Product 42,Home & Garden,222.93,367,SupplierC,2024-06-28T16:20:26.862Z,I
PROD_00043,Product 43,Clothing,549.43,495,SupplierC,2025-05-15T16:20:26.862Z,I
PROD_00044,Product 44,Toys,981.49,464,SupplierC,2024-11-14T16:20:26.862Z,I
PROD_00045,Product 45,Home & Garden,542.49,169,SupplierA,2024-10-04T16:20:26.862Z,I
PROD_00046,Product 46,Electronics,927.38,360,SupplierD,2024-12-31T16:20:26.862Z,I
PROD_00047,Product 47,Home & Garden,338.89,40,SupplierD,2025-07-24T16:20:26.862Z,I
PROD_00048,Product 48,Electronics,186.86,422,SupplierE,2025-11-30T16:20:26.862Z,I
PROD_00049,Product 49,Home & Garden,336.64,392,SupplierA,2025-11-21T16:20:26.862Z,I
PROD_00050,Product 50,Electronics,701.34,374,SupplierE,2025-09-21T16:20:26.862Z,I
PROD_00051,Product 51,Electronics,104.23,42,SupplierD,2024-08-02T16:20:26.862Z,I
PROD_00052,Product 52,Electronics,99.28,351,SupplierB,2025-02-01T16:20:26.862Z,I
PROD_00053,Product 53,Toys,705.64,227,SupplierD,2025-11-09T16:20:26.862Z,I
PROD_00054,Product 54,Electronics,181.26,324,SupplierD,2024-04-08T16:20:26.862Z,I
PROD_00055,Product 55,Home & Garden,237.64,418,SupplierA,2024-02-05T16:20:26.862Z,I
PROD_00056,Product 56,Toys,5.65,42,SupplierB,2025-07-01T16:20:26.862Z,I
PROD_00057,Product 57,Books,317.18,406,SupplierC,2025-11-04T16:20:26.862Z,I
PROD_00058,Product 58,Food,75000,388,SupplierA,2025-10-15T16:20:26.862Z,I
PROD_00059,Product 59,Toys,340.57,441,SupplierB,2025-01-13T16:20:26.862Z,I
PROD_00060,Product 60,Books,656.4,351,SupplierC,2024-10-10T16:20:26.862Z,I
PROD_00061,Product 61,Sports,619.55,16,SupplierC,2025-11-20T16:20:26.862Z,I
PROD_00062,Product 62,Sports,494.85,391,SupplierB,2025-08-24T16:20:26.862Z,I
PROD_00063,Product 63,Home & Garden,552.99,476,SupplierE,2024-02-13T16:20:26.862Z,I
PROD_00064,Product 64,Toys,32.91,118,SupplierA,2025-11-15T16:20:26.862Z,I
PROD_00065,Product 65,Toys,75000,147,SupplierE,2025-05-27T16:20:26.862Z,I
PROD_00066,Product 66,Clothing,774,6,SupplierE,2025-09-04T16:20:26.862Z,I
PROD_00067,,Clothing,130.43,16,SupplierD,2025-11-18T16:20:26.862Z,I
PROD_00068,Product 68,Home & Garden,700.24,389,SupplierA,2025-10-22T16:20:26.862Z,I
PROD_00069,Product 69,Electronics,628.73,465,SupplierB,2024-03-05T16:20:26.862Z,I
PROD_00070,Product 70,Clothing,617.3,456,SupplierE,2025-01-01T16:20:26.862Z,I
PROD_00071,Product 71,Home & Garden,751.29,465,SupplierE,2025-01-20T16:20:26.862Z,I
PROD_00072,Product 72,Electronics,364.54,36,SupplierA,2024-11-12T16:20:26.862Z,I
PROD_00073,Product 73,Electronics,571.55,295,SupplierA,2024-11-22T16:20:26.862Z,I
PROD_00074,Product 74,Food,943.19,465,SupplierE,2025-11-04T16:20:26.862Z,I
PROD_00075,Product 75,Sports,75000,367,SupplierD,2025-04-09T16:20:26.862Z,I
PROD_00076,Product 76,Books,996.14,-10,SupplierC,2024-02-07T16:20:26.862Z,I
PROD_00077,Product 77,Toys,890.31,111,SupplierB,2024-05-30T16:20:26.862Z,I
PROD_00078,Product 78,Home & Garden,310.22,357,SupplierB,2025-12-13T16:20:26.862Z,I
PROD_00079,Product 79,Sports,75000,234,SupplierB,2025-01-26T16:20:26.862Z,I
PROD_00080,Product 80,Home & Garden,221.88,324,SupplierA,2025-10-21T16:20:26.862Z,I
PROD_00081,Product 81,Home & Garden,985.44,160,SupplierB,2024-11-29T16:20:26.862Z,I
PROD_00082,Product 82,Home & Garden,110.24,275,SupplierB,2024-05-17T16:20:26.862Z,I
PROD_00083,Product 83,Books,663.18,-10,SupplierB,2025-05-24T16:20:26.862Z,I
PROD_00084,Product 84,Electronics,311.18,438,SupplierA,2025-12-19T16:20:26.862Z,I
PROD_00085,Product 85,Toys,36.79,20,SupplierD,2024-02-10T16:20:26.862Z,I
PROD_00086,Product 86,Food,10.59,-10,SupplierE,2024-06-13T16:20:26.862Z,I
PROD_00087,Product 87,Electronics,512.88,124,SupplierB,2025-09-06T16:20:26.862Z,I
PROD_00088,Product 88,Clothing,75000,227,SupplierB,2024-04-12T16:20:26.862Z,I
PROD_00089,Product 89,Home & Garden,285.18,347,SupplierD,2025-01-26T16:20:26.862Z,I
PROD_00090,Product 90,Food,996.04,284,SupplierE,2024-09-29T16:20:26.862Z,I
PROD_00091,Product 91,Electronics,567.77,95,SupplierB,2024-05-06T16:20:26.862Z,I
PROD_00092,Product 92,Clothing,772.21,159,SupplierD,2025-11-17T16:20:26.862Z,I
PROD_00093,Product 93,Toys,843.95,214,SupplierB,2025-12-26T16:20:26.862Z,I
PROD_00094,Product 94,Home & Garden,145.76,189,SupplierE,2025-06-26T16:20:26.862Z,I
PROD_00095,Product 95,Electronics,75000,237,SupplierE,2025-08-27T16:20:26.862Z,I
PROD_00096,Product 96,Electronics,75000,58,SupplierC,2025-07-22T16:20:26.862Z,I
PROD_00097,Product 97,Clothing,753.17,3,SupplierB,2024-10-19T16:20:26.862Z,I
PROD_00098,Product 98,Food,172.41,331,SupplierE,2024-02-27T16:20:26.862Z,I
PROD_00099,Product 99,Books,355.81,466,SupplierA,2024-07-18T16:20:26.862Z,I
PROD_00100,Product 100,Toys,491.39,2,SupplierC,2024-06-03T16:20:26.862Z,I
PROD_00101,Product 101,Electronics,-50,395,SupplierE,2024-10-13T16:20:26.862Z,I
PROD_00102,Product 102,Books,374.57,281,SupplierA,2024-05-11T16:20:26.862Z,I
PROD_00103,Product 103,Toys,571.13,237,SupplierD,2025-07-16T16:20:26.862Z,I
PROD_00104,Product 104,Books,98.73,284,SupplierA,2025-11-13T16:20:26.862Z,I
PROD_00105,Product 105,Clothing,774.26,469,SupplierD,2024-07-05T16:20:26.862Z,I
PROD_00106,Product 106,Clothing,700.87,439,SupplierA,2024-06-22T16:20:26.862Z,I
PROD_00107,Product 107,Books,610.61,79,SupplierE,2024-08-30T16:20:26.862Z,I
PROD_00108,Product 108,Home & Garden,804.69,141,SupplierC,2025-11-10T16:20:26.862Z,I
PROD_00109,Product 109,Clothing,995.45,70,SupplierD,2025-07-21T16:20:26.862Z,I
PROD_00110,Product 110,Books,553.44,-10,SupplierC,2024-07-03T16:20:26.862Z,I
PROD_00111,Product 111,Clothing,926.99,117,SupplierB,2025-11-04T16:20:26.862Z,I
PROD_00112,Product 112,Home & Garden,281.04,249,SupplierB,2025-08-22T16:20:26.862Z,I
PROD_00113,Product 113,Electronics,860.95,382,SupplierA,2024-10-29T16:20:26.862Z,I
PROD_00114,Product 114,Books,956.78,295,SupplierB,2025-12-24T16:20:26.862Z,I
PROD_00115,Product 115,Electronics,737.04,376,SupplierB,2025-11-28T16:20:26.862Z,I
PROD_00116,Product 116,Toys,978.78,141,SupplierB,2025-05-24T16:20:26.862Z,I
PROD_00117,Product 117,Sports,134.93,224,SupplierC,2025-08-26T16:20:26.862Z,I
PROD_00118,Product 118,Toys,107.72,190,SupplierB,2025-11-22T16:20:26.862Z,I
PROD_00119,Product 119,Electronics,760.51,257,SupplierD,2025-01-25T16:20:26.862Z,I
PROD_00120,Product 120,Clothing,410.12,202,SupplierA,2024-02-05T16:20:26.862Z,I
PROD_00121,Product 121,Food,62.15,366,SupplierE,2025-05-12T16:20:26.862Z,I
PROD_00122,Product 122,Home & Garden,442.77,235,SupplierD,2024-05-15T16:20:26.862Z,I
PROD_00123,Product 123,Electronics,136.36,-10,SupplierA,2024-03-07T16:20:26.862Z,I
PROD_00124,Product 124,Toys,600.22,212,SupplierA,2024-09-10T16:20:26.862Z,I
PROD_00125,Product 125,Food,865.86,20,SupplierB,2024-05-17T16:20:26.862Z,I
PROD_00126,Product 126,Food,533.23,61,SupplierA,2025-04-09T16:20:26.862Z,I
PROD_00127,Product 127,Food,965.53,277,SupplierC,2025-10-27T16:20:26.862Z,I
PROD_00128,Product 128,Books,394.92,77,SupplierA,2025-06-10T16:20:26.862Z,I
PROD_00129,Product 129,Books,422.7,7,SupplierA,2024-12-24T16:20:26.862Z,I
PROD_00130,Product 130,Food,885.37,496,SupplierD,2024-11-27T16:20:26.862Z,I
PROD_00131,Product 131,Electronics,754.38,456,SupplierD,2025-05-09T16:20:26.862Z,I
PROD_00132,Product 132,Books,930.21,43,SupplierE,2024-11-26T16:20:26.862Z,I
PROD_00133,Product 133,Home & Garden,65.14,297,SupplierC,2025-03-02T16:20:26.862Z,I
PROD_00134,Product 134,Sports,443.77,220,SupplierB,2025-02-24T16:20:26.862Z,I
PROD_00135,Product 135,Books,192.62,115,SupplierD,2025-01-16T16:20:26.862Z,I
PROD_00136,Product 136,Sports,75000,85,SupplierB,2025-08-24T16:20:26.862Z,I
PROD_00137,Product 137,Food,388.41,222,SupplierA,2025-10-05T16:20:26.862Z,I
PROD_00138,Product 138,Food,151.12,110,SupplierD,2024-02-22T16:20:26.862Z,I
PROD_00139,Product 139,Toys,829.6,175,SupplierE,2025-02-09T16:20:26.862Z,I
PROD_00140,Product 140,Books,155.55,347,SupplierE,2024-03-23T16:20:26.862Z,I
PROD_00141,Product 141,Sports,44.09,376,SupplierE,2024-04-11T16:20:26.862Z,I
PROD_00142,Product 142,Toys,75000,75,SupplierB,2025-02-19T16:20:26.862Z,I
PROD_00143,Product 143,Books,712.66,336,SupplierE,2024-02-04T16:20:26.862Z,I
PROD_00144,Product 144,Home & Garden,224.5,286,SupplierB,2025-08-19T16:20:26.862Z,I
PROD_00145,Product 145,Sports,962.59,144,SupplierB,2024-12-25T16:20:26.862Z,I
PROD_00146,Product 146,Clothing,367.85,120,SupplierB,2025-04-12T16:20:26.862Z,I
PROD_00147,Product 147,Food,949.62,17,SupplierB,2025-10-16T16:20:26.862Z,I
PROD_00148,,Sports,849.1,270,SupplierD,2025-12-06T16:20:26.862Z,I
PROD_00149,Product 149,Food,720.17,189,SupplierD,2024-11-30T16:20:26.862Z,I
PROD_00150,Product 150,Sports,565.9,137,SupplierC,2024-09-26T16:20:26.862Z,I
PROD_00151,Product 151,Food,713.55,368,SupplierC,2024-03-24T16:20:26.862Z,I
PROD_00152,Product 152,Clothing,203.37,495,SupplierD,2024-12-20T16:20:26.862Z,I
PROD_00153,Product 153,Sports,991.17,138,SupplierD,2024-05-05T16:20:26.862Z,I
PROD_00154,Product 154,Electronics,385.4,413,SupplierD,2025-06-04T16:20:26.862Z,I
PROD_00155,Product 155,Home & Garden,130.84,90,SupplierC,2024-12-21T16:20:26.862Z,I
PROD_00156,Product 156,Home & Garden,-50,293,SupplierE,2025-02-24T16:20:26.862Z,I
PROD_00157,Product 157,Food,815.69,94,SupplierD,2024-05-03T16:20:26.862Z,I
PROD_00158,Product 158,Books,787.59,190,SupplierD,2024-11-23T16:20:26.862Z,I
PROD_00159,Product 159,Food,449.45,57,SupplierB,2025-12-21T16:20:26.862Z,I
PROD_00160,Product 160,Clothing,980.93,69,SupplierC,2024-05-11T16:20:26.862Z,I
PROD_00161,Product 161,Electronics,269.37,197,SupplierC,2025-11-11T16:20:26.862Z,I
PROD_00162,Product 162,Books,953.89,333,SupplierE,2025-06-17T16:20:26.862Z,I
PROD_00163,Product 163,Sports,897.77,481,SupplierA,2025-03-01T16:20:26.862Z,I
PROD_00164,Product 164,Toys,886.7,109,SupplierA,2024-09-27T16:20:26.862Z,I
PROD_00165,Product 165,Sports,223.91,394,SupplierB,2025-09-19T16:20:26.862Z,I
PROD_00166,Product 166,Electronics,682.27,9,SupplierE,2024-03-13T16:20:26.862Z,I
PROD_00167,Product 167,Books,126.37,481,SupplierC,2025-07-16T16:20:26.862Z,I
PROD_00168,Product 168,Toys,124.65,188,SupplierE,2024-10-03T16:20:26.862Z,I
PROD_00169,,Home & Garden,321.74,107,SupplierC,2025-07-07T16:20:26.862Z,I
PROD_00170,Product 170,Sports,906.31,408,SupplierC,2025-04-05T16:20:26.862Z,I
PROD_00171,Product 171,Sports,652.23,347,SupplierA,2025-09-10T16:20:26.862Z,I
PROD_00172,Product 172,Food,644.6,83,SupplierA,2024-07-11T16:20:26.862Z,I
PROD_00173,Product 173,Food,344.73,379,SupplierB,2025-05-21T16:20:26.862Z,I
PROD_00174,Product 174,Books,465.49,67,SupplierD,2024-11-20T16:20:26.862Z,I
PROD_00175,Product 175,Sports,409.7,99,SupplierA,2025-09-11T16:20:26.862Z,I
PROD_00176,Product 176,Electronics,66.64,423,SupplierC,2025-07-31T16:20:26.862Z,I
PROD_00177,Product 177,Electronics,932.77,32,SupplierC,2025-02-04T16:20:26.862Z,I
PROD_00178,Product 178,Electronics,659.99,23,SupplierA,2025-08-01T16:20:26.862Z,I
PROD_00179,Product 179,Clothing,684.01,373,SupplierA,2025-02-21T16:20:26.862Z,I
PROD_00180,Product 180,Clothing,465.8,433,SupplierA,2024-10-25T16:20:26.863Z,I
PROD_00181,,Toys,230.58,293,SupplierA,2025-05-26T16:20:26.863Z,I
PROD_00182,Product 182,Toys,531.44,321,SupplierA,2024-08-15T16:20:26.863Z,I
PROD_00183,Product 183,Electronics,908.89,101,SupplierB,2024-12-12T16:20:26.863Z,I
PROD_00184,Product 184,Books,354.31,78,SupplierD,2025-07-07T16:20:26.863Z,I
PROD_00185,Product 185,Clothing,31.66,330,SupplierE,2024-03-28T16:20:26.863Z,I
PROD_00186,Product 186,Clothing,785.17,176,SupplierC,2024-04-13T16:20:26.863Z,I
PROD_00187,Product 187,Toys,893.79,337,SupplierB,2025-05-08T16:20:26.863Z,I
PROD_00188,Product 188,Food,155.02,354,SupplierD,2025-05-16T16:20:26.863Z,I
PROD_00189,Product 189,Books,194.15,267,SupplierE,2025-07-09T16:20:26.863Z,I
PROD_00190,,Toys,853.6,353,SupplierB,2025-01-06T16:20:26.863Z,I
PROD_00191,Product 191,Electronics,230.5,218,SupplierE,2025-01-10T16:20:26.863Z,I
PROD_00192,Product 192,Electronics,472.19,46,SupplierE,2024-09-20T16:20:26.863Z,I
PROD_00193,Product 193,Sports,392.14,-10,SupplierA,2024-08-04T16:20:26.863Z,I
PROD_00194,Product 194,Sports,830.62,102,SupplierA,2025-09-24T16:20:26.863Z,I
PROD_00195,Product 195,Sports,-50,79,SupplierA,2025-01-06T16:20:26.863Z,I
PROD_00196,Product 196,Clothing,952.39,283,SupplierE,2024-02-09T16:20:26.863Z,I
PROD_00197,Product 197,Electronics,962.1,361,SupplierD,2024-02-21T16:20:26.863Z,I
PROD_00198,Product 198,Toys,632.12,472,SupplierC,2024-07-06T16:20:26.863Z,I
PROD_00199,Product 199,Clothing,780.45,244,SupplierC,2024-10-07T16:20:26.863Z,I
PROD_00200,Product 200,Clothing,135.37,107,SupplierB,2025-08-11T16:20:26.863Z,I
PROD_00201,Product 201,Electronics,920.04,260,SupplierA,2024-04-21T16:20:26.863Z,I
PROD_00202,Product 202,Books,997.15,177,SupplierE,2025-07-30T16:20:26.863Z,I
PROD_00203,Product 203,Toys,666.68,350,SupplierB,2025-07-05T16:20:26.863Z,I
PROD_00204,Product 204,Sports,356.97,29,SupplierB,2024-04-11T16:20:26.863Z,I
PROD_00205,Product 205,Toys,340.85,190,SupplierA,2024-12-01T16:20:26.863Z,I
PROD_00206,Product 206,Toys,897.6,404,SupplierD,2025-04-28T16:20:26.863Z,I
PROD_00207,Product 207,Electronics,-50,272,SupplierC,2024-11-23T16:20:26.863Z,I
PROD_00208,Product 208,Food,494.32,53,SupplierB,2025-12-28T16:20:26.863Z,I
PROD_00209,Product 209,Books,318.68,438,SupplierC,2025-09-01T16:20:26.863Z,I
PROD_00210,Product 210,Toys,327.34,6,SupplierA,2025-05-23T16:20:26.863Z,I
PROD_00211,Product 211,Electronics,178.64,338,SupplierE,2025-03-16T16:20:26.863Z,I
PROD_00212,Product 212,Toys,233.09,424,SupplierD,2024-03-02T16:20:26.863Z,I
PROD_00213,Product 213,Home & Garden,67.94,374,SupplierD,2025-11-18T16:20:26.863Z,I
PROD_00214,Product 214,Food,255.17,37,SupplierB,2024-04-02T16:20:26.863Z,I
PROD_00215,Product 215,Toys,371.45,219,SupplierC,2025-10-22T16:20:26.863Z,I
PROD_00216,,Electronics,333.3,139,SupplierE,2024-02-17T16:20:26.863Z,I
PROD_00217,Product 217,Clothing,75000,303,SupplierE,2025-02-09T16:20:26.863Z,I
PROD_00218,Product 218,Clothing,499.17,412,SupplierA,2024-09-02T16:20:26.863Z,I
PROD_00219,Product 219,Home & Garden,812.15,9,SupplierB,2024-10-15T16:20:26.863Z,I
PROD_00220,Product 220,Books,668.33,36,SupplierD,2025-09-27T16:20:26.863Z,I
PROD_00221,Product 221,Home & Garden,663.32,76,SupplierA,2025-06-11T16:20:26.863Z,I
PROD_00222,Product 222,Books,753.14,220,SupplierD,2024-09-17T16:20:26.863Z,I
PROD_00223,Product 223,Electronics,649.03,207,SupplierE,2024-07-17T16:20:26.863Z,I
PROD_00224,Product 224,Sports,78.82,218,SupplierD,2025-05-12T16:20:26.863Z,I
PROD_00225,Product 225,Toys,136.19,-10,SupplierD,2024-02-12T16:20:26.863Z,I
PROD_00226,Product 226,Toys,463.08,173,SupplierE,2024-07-09T16:20:26.863Z,I
PROD_00227,Product 227,Sports,477.78,278,SupplierC,2025-05-06T16:20:26.863Z,I
PROD_00228,Product 228,Toys,936.29,481,SupplierE,2025-02-21T16:20:26.863Z,I
PROD_00229,Product 229,Food,604.6,322,SupplierD,2025-02-01T16:20:26.863Z,I
PROD_00230,Product 230,Toys,35.72,262,SupplierE,2024-03-22T16:20:26.863Z,I
PROD_00231,Product 231,Electronics,237.01,74,SupplierB,2025-09-02T16:20:26.863Z,I
PROD_00232,Product 232,Food,355.21,12,SupplierC,2024-08-24T16:20:26.863Z,I
PROD_00233,Product 233,Books,275.93,144,SupplierD,2025-03-19T16:20:26.863Z,I
PROD_00234,Product 234,Clothing,712.41,0,SupplierD,2024-06-08T16:20:26.863Z,I
PROD_00235,Product 235,Toys,309.64,278,SupplierD,2024-08-13T16:20:26.863Z,I
PROD_00236,Product 236,Sports,574.53,303,SupplierC,2025-10-04T16:20:26.863Z,I
PROD_00237,Product 237,Home & Garden,205.3,455,SupplierD,2025-11-30T16:20:26.863Z,I
PROD_00238,Product 238,Sports,333.97,11,SupplierB,2025-01-07T16:20:26.863Z,I
PROD_00239,Product 239,Electronics,224.49,101,SupplierE,2024-12-04T16:20:26.863Z,I
PROD_00240,Product 240,Clothing,567.22,315,SupplierD,2024-10-09T16:20:26.863Z,I
PROD_00241,,Sports,141.67,356,SupplierB,2025-02-09T16:20:26.863Z,I
PROD_00242,Product 242,Sports,696.25,303,SupplierA,2025-07-04T16:20:26.863Z,I
PROD_00243,Product 243,Clothing,114.57,270,SupplierD,2024-11-06T16:20:26.863Z,I
PROD_00244,Product 244,Electronics,429.43,120,SupplierC,2024-04-15T16:20:26.863Z,I
PROD_00245,Product 245,Books,526.9,435,SupplierE,2025-01-25T16:20:26.863Z,I
PROD_00246,Product 246,Sports,351.94,144,SupplierD,2025-04-25T16:20:26.863Z,I
PROD_00247,Product 247,Food,333.76,134,SupplierC,2025-05-22T16:20:26.863Z,I
PROD_00248,Product 248,Food,261.11,37,SupplierC,2024-04-17T16:20:26.863Z,I
PROD_00249,Product 249,Books,571.54,308,SupplierB,2024-04-21T16:20:26.863Z,I
PROD_00250,Product 250,Home & Garden,707.16,439,SupplierC,2024-05-21T16:20:26.863Z,I
PROD_00251,Product 251,Home & Garden,230.28,451,SupplierD,2025-04-08T16:20:26.863Z,I
PROD_00252,Product 252,Electronics,150.37,-10,SupplierE,2025-02-01T16:20:26.863Z,I
PROD_00253,Product 253,Sports,132.66,370,SupplierB,2024-05-24T16:20:26.863Z,I
PROD_00254,Product 254,Books,535.51,394,SupplierE,2025-04-02T16:20:26.863Z,I
PROD_00255,Product 255,Electronics,108.09,-10,SupplierE,2024-10-04T16:20:26.863Z,I
PROD_00256,Product 256,Food,692.82,58,SupplierD,2025-11-20T16:20:26.863Z,I
PROD_00257,Product 257,Books,304.85,436,SupplierC,2025-06-20T16:20:26.863Z,I
PROD_00258,Product 258,Home & Garden,711.21,211,SupplierC,2024-09-07T16:20:26.863Z,I
PROD_00259,Product 259,Clothing,136.25,398,SupplierA,2025-04-28T16:20:26.863Z,I
PROD_00260,,Food,281.75,221,SupplierC,2024-12-09T16:20:26.863Z,I
PROD_00261,Product 261,Clothing,152.64,312,SupplierE,2025-11-09T16:20:26.863Z,I
PROD_00262,Product 262,Food,145.73,377,SupplierC,2025-09-16T16:20:26.863Z,I
PROD_00263,Product 263,Food,119.22,375,SupplierD,2025-01-27T16:20:26.863Z,I
PROD_00264,Product 264,Toys,865,270,SupplierE,2024-11-28T16:20:26.863Z,I
PROD_00265,Product 265,Toys,584.44,321,SupplierD,2026-01-01T16:20:26.863Z,I
PROD_00266,Product 266,Electronics,433.09,412,SupplierE,2024-04-19T16:20:26.863Z,I
PROD_00267,Product 267,Home & Garden,73.44,361,SupplierE,2025-03-04T16:20:26.863Z,I
PROD_00268,Product 268,Sports,697.28,203,SupplierB,2025-10-09T16:20:26.863Z,I
PROD_00269,,Home & Garden,52.82,104,SupplierB,2025-06-22T16:20:26.863Z,I
PROD_00270,Product 270,Toys,161.78,343,SupplierB,2025-11-30T16:20:26.863Z,I
PROD_00271,Product 271,Home & Garden,198.93,234,SupplierB,2025-04-07T16:20:26.863Z,I
PROD_00272,Product 272,Home & Garden,657.74,9,SupplierB,2024-02-24T16:20:26.863Z,I
PROD_00273,Product 273,Toys,581.55,258,SupplierD,2024-06-29T16:20:26.863Z,I
PROD_00274,Product 274,Toys,37.51,405,SupplierC,2025-08-12T16:20:26.863Z,I
PROD_00275,Product 275,Books,284.18,385,SupplierA,2025-07-31T16:20:26.863Z,I
PROD_00276,Product 276,Toys,655.55,331,SupplierD,2024-10-12T16:20:26.863Z,I
PROD_00277,Product 277,Clothing,69.09,134,SupplierA,2025-02-28T16:20:26.863Z,I
PROD_00278,Product 278,Clothing,321.94,79,SupplierE,2024-12-24T16:20:26.863Z,I
PROD_00279,Product 279,Books,167.55,417,SupplierE,2025-03-22T16:20:26.863Z,I
PROD_00280,Product 280,Food,341.65,229,SupplierC,2025-07-24T16:20:26.863Z,I
PROD_00281,Product 281,Books,137.81,78,SupplierB,2025-12-25T16:20:26.863Z,I
PROD_00282,Product 282,Books,138.77,205,SupplierA,2025-05-28T16:20:26.863Z,I
PROD_00283,Product 283,Clothing,14.91,11,SupplierB,2025-04-19T16:20:26.863Z,I
PROD_00284,Product 284,Toys,443.77,375,SupplierA,2024-02-17T16:20:26.863Z,I
PROD_00285,Product 285,Food,784.4,186,SupplierA,2024-10-12T16:20:26.863Z,I
PROD_00286,Product 286,Books,146.28,244,SupplierE,2025-01-13T16:20:26.863Z,I
PROD_00287,Product 287,Toys,318.61,460,SupplierA,2025-07-10T16:20:26.863Z,I
PROD_00288,Product 288,Electronics,373.34,28,SupplierB,2025-05-12T16:20:26.863Z,I
PROD_00289,Product 289,Food,558.35,132,SupplierD,2025-07-13T16:20:26.863Z,I
PROD_00290,Product 290,Food,220.7,366,SupplierB,2025-11-17T16:20:26.863Z,I
PROD_00291,Product 291,Food,299.53,34,SupplierE,2025-12-18T16:20:26.863Z,I
PROD_00292,Product 292,Toys,957.82,-10,SupplierB,2025-03-10T16:20:26.863Z,I
PROD_00293,,Toys,63.2,416,SupplierD,2025-04-13T16:20:26.863Z,I
PROD_00294,Product 294,Food,548.73,373,SupplierA,2024-09-03T16:20:26.863Z,I
PROD_00295,Product 295,Food,692.53,164,SupplierC,2024-11-06T16:20:26.863Z,I
PROD_00296,Product 296,Food,787.73,307,SupplierB,2025-04-08T16:20:26.863Z,I
PROD_00297,,Books,641.62,116,SupplierD,2025-07-30T16:20:26.863Z,I
PROD_00298,Product 298,Home & Garden,471.82,75,SupplierE,2025-10-30T16:20:26.863Z,I
PROD_00299,Product 299,Food,320.07,20,SupplierE,2025-01-17T16:20:26.863Z,I
PROD_00300,Product 300,Toys,759.46,144,SupplierC,2024-08-02T16:20:26.863Z,I
PROD_00301,Product 301,Sports,151.7,126,SupplierB,2024-04-01T16:20:26.863Z,I
PROD_00302,Product 302,Electronics,575.54,481,SupplierB,2025-09-23T16:20:26.863Z,I
PROD_00303,Product 303,Electronics,90.52,24,SupplierE,2024-09-22T16:20:26.863Z,I
PROD_00304,Product 304,Home & Garden,46.75,356,SupplierE,2024-11-04T16:20:26.863Z,I
PROD_00305,Product 305,Toys,744.03,25,SupplierA,2024-09-25T16:20:26.863Z,I
PROD_00306,Product 306,Home & Garden,863.64,248,SupplierA,2024-03-30T16:20:26.863Z,I
PROD_00307,Product 307,Electronics,600.27,180,SupplierE,2024-04-09T16:20:26.864Z,I
PROD_00308,Product 308,Books,695.97,91,SupplierC,2025-09-13T16:20:26.864Z,I
PROD_00309,Product 309,Sports,176.8,72,SupplierD,2025-04-18T16:20:26.864Z,I
PROD_00310,Product 310,Clothing,559.77,93,SupplierA,2024-12-30T16:20:26.864Z,I
PROD_00311,Product 311,Sports,153.91,57,SupplierB,2024-12-14T16:20:26.864Z,I
PROD_00312,Product 312,Books,686.67,133,SupplierD,2025-06-21T16:20:26.864Z,I
PROD_00313,Product 313,Toys,741.34,0,SupplierE,2025-06-17T16:20:26.864Z,I
PROD_00314,Product 314,Sports,293.45,154,SupplierA,2025-02-25T16:20:26.864Z,I
PROD_00315,Product 315,Books,520.97,260,SupplierE,2025-01-30T16:20:26.864Z,I
PROD_00316,Product 316,Food,75000,10,SupplierB,2025-12-24T16:20:26.864Z,I
PROD_00317,Product 317,Food,615.78,193,SupplierE,2024-02-03T16:20:26.864Z,I
PROD_00318,Product 318,Home & Garden,614.02,447,SupplierB,2024-02-05T16:20:26.864Z,I
PROD_00319,Product 319,Clothing,261.09,359,SupplierD,2024-10-23T16:20:26.864Z,I
PROD_00320,Product 320,Books,213.16,485,SupplierC,2024-11-05T16:20:26.864Z,I
PROD_00321,Product 321,Sports,189.06,471,SupplierD,2025-02-11T16:20:26.864Z,I
PROD_00322,Product 322,Books,164.22,183,SupplierB,2025-12-17T16:20:26.864Z,I
PROD_00323,Product 323,Books,886.39,178,SupplierA,2025-08-11T16:20:26.864Z,I
PROD_00324,Product 324,Home & Garden,138.15,334,SupplierE,2025-07-26T16:20:26.864Z,I
PROD_00325,Product 325,Home & Garden,289.41,36,SupplierD,2025-05-25T16:20:26.864Z,I
PROD_00326,,Toys,319.23,340,SupplierE,2024-11-18T16:20:26.864Z,I
PROD_00327,Product 327,Toys,248.14,342,SupplierB,2024-03-13T16:20:26.864Z,I
PROD_00328,Product 328,Home & Garden,827.53,370,SupplierB,2025-11-21T16:20:26.864Z,I
PROD_00329,Product 329,Home & Garden,80.62,339,SupplierE,2024-07-26T16:20:26.864Z,I
PROD_00330,,Toys,101.61,104,SupplierA,2025-05-20T16:20:26.864Z,I
PROD_00331,Product 331,Electronics,761.48,20,SupplierC,2024-05-26T16:20:26.864Z,I
PROD_00332,Product 332,Food,851.74,360,SupplierB,2025-10-30T16:20:26.864Z,I
PROD_00333,Product 333,Clothing,88.29,435,SupplierA,2025-07-10T16:20:26.864Z,I
PROD_00334,Product 334,Books,375.25,151,SupplierA,2024-12-18T16:20:26.864Z,I
PROD_00335,Product 335,Sports,870.38,278,SupplierE,2024-08-10T16:20:26.864Z,I
PROD_00336,Product 336,Electronics,301.46,4,SupplierE,2025-09-13T16:20:26.864Z,I
PROD_00337,Product 337,Electronics,265.83,275,SupplierD,2025-02-21T16:20:26.864Z,I
PROD_00338,Product 338,Food,751.33,428,SupplierA,2025-11-21T16:20:26.864Z,I
PROD_00339,Product 339,Books,181.77,475,SupplierD,2024-10-08T16:20:26.864Z,I
PROD_00340,Product 340,Home & Garden,483.04,425,SupplierE,2025-02-02T16:20:26.864Z,I
PROD_00341,Product 341,Sports,959.96,326,SupplierC,2024-11-21T16:20:26.864Z,I
PROD_00342,Product 342,Books,776.2,60,SupplierD,2025-08-24T16:20:26.864Z,I
PROD_00343,Product 343,Books,660.21,57,SupplierB,2024-10-14T16:20:26.864Z,I
PROD_00344,Product 344,Clothing,183.15,98,SupplierA,2025-02-25T16:20:26.864Z,I
PROD_00345,Product 345,Books,50.24,83,SupplierC,2024-07-08T16:20:26.864Z,I
PROD_00346,Product 346,Toys,972.72,144,SupplierD,2024-07-29T16:20:26.864Z,I
PROD_00347,Product 347,Toys,570.51,441,SupplierA,2025-10-03T16:20:26.864Z,I
PROD_00348,Product 348,Food,616.92,78,SupplierD,2024-05-11T16:20:26.864Z,I
PROD_00349,Product 349,Books,976.88,142,SupplierE,2025-09-27T16:20:26.864Z,I
PROD_00350,Product 350,Electronics,516.12,101,SupplierE,2025-12-14T16:20:26.864Z,I
PROD_00351,Product 351,Sports,75000,216,SupplierA,2025-07-15T16:20:26.864Z,I
PROD_00352,Product 352,Clothing,67.08,178,SupplierB,2024-06-30T16:20:26.864Z,I
PROD_00353,Product 353,Food,546.25,96,SupplierA,2025-12-31T16:20:26.864Z,I
PROD_00354,Product 354,Clothing,51.18,414,SupplierC,2025-04-28T16:20:26.864Z,I
PROD_00355,Product 355,Toys,899.65,281,SupplierA,2025-01-05T16:20:26.864Z,I
PROD_00356,Product 356,Food,166.03,213,SupplierE,2025-07-12T16:20:26.864Z,I
PROD_00357,Product 357,Electronics,566.73,313,SupplierA,2024-09-29T16:20:26.864Z,I
PROD_00358,Product 358,Food,699.02,83,SupplierD,2024-10-14T16:20:26.864Z,I
PROD_00359,Product 359,Food,858.51,90,SupplierE,2025-06-06T16:20:26.864Z,I
PROD_00360,Product 360,Sports,504.09,457,SupplierB,2025-05-29T16:20:26.864Z,I
PROD_00361,Product 361,Electronics,410.47,382,SupplierE,2025-01-24T16:20:26.864Z,I
PROD_00362,Product 362,Books,883.86,493,SupplierD,2025-07-06T16:20:26.864Z,I
PROD_00363,Product 363,Books,109.23,222,SupplierC,2025-09-14T16:20:26.864Z,I
PROD_00364,Product 364,Clothing,-50,97,SupplierE,2025-07-27T16:20:26.864Z,I
PROD_00365,Product 365,Clothing,229.48,311,SupplierA,2024-02-14T16:20:26.864Z,I
PROD_00366,Product 366,Clothing,510.56,497,SupplierC,2025-06-26T16:20:26.864Z,I
PROD_00367,Product 367,Electronics,602.09,438,SupplierE,2024-09-02T16:20:26.864Z,I
PROD_00368,Product 368,Toys,938.21,376,SupplierA,2024-11-14T16:20:26.864Z,I
PROD_00369,Product 369,Electronics,484.87,197,SupplierA,2024-10-28T16:20:26.864Z,I
PROD_00370,Product 370,Books,724.73,422,SupplierB,2025-12-28T16:20:26.864Z,I
PROD_00371,Product 371,Electronics,934.66,267,SupplierC,2025-04-25T16:20:26.864Z,I
PROD_00372,Product 372,Books,623.06,239,SupplierD,2024-11-10T16:20:26.864Z,I
PROD_00373,Product 373,Electronics,918.63,355,SupplierC,2024-05-06T16:20:26.864Z,I
PROD_00374,Product 374,Clothing,853.96,329,SupplierE,2025-03-03T16:20:26.864Z,I
PROD_00375,Product 375,Toys,499.99,376,SupplierA,2025-08-02T16:20:26.864Z,I
PROD_00376,Product 376,Food,379.99,356,SupplierD,2024-07-06T16:20:26.864Z,I
PROD_00377,Product 377,Home & Garden,174.96,445,SupplierE,2025-09-29T16:20:26.864Z,I
PROD_00378,Product 378,Books,450.98,157,SupplierE,2024-05-06T16:20:26.864Z,I
PROD_00379,Product 379,Home & Garden,952.66,175,SupplierB,2024-04-27T16:20:26.864Z,I
PROD_00380,Product 380,Electronics,437.98,325,SupplierD,2025-03-04T16:20:26.864Z,I
PROD_00381,Product 381,Electronics,581.43,311,SupplierD,2025-04-04T16:20:26.864Z,I
PROD_00382,Product 382,Sports,147.01,316,SupplierD,2024-05-09T16:20:26.864Z,I
PROD_00383,Product 383,Sports,307.99,391,SupplierE,2024-04-10T16:20:26.864Z,I
PROD_00384,Product 384,Books,26.49,1,SupplierE,2024-09-22T16:20:26.864Z,I
PROD_00385,Product 385,Books,681.32,130,SupplierC,2024-04-11T16:20:26.864Z,I
PROD_00386,Product 386,Electronics,287.81,141,SupplierE,2025-06-19T16:20:26.864Z,I
PROD_00387,Product 387,Home & Garden,802.97,433,SupplierA,2024-11-09T16:20:26.864Z,I
PROD_00388,Product 388,Books,292.53,234,SupplierC,2025-06-06T16:20:26.864Z,I
PROD_00389,Product 389,Books,583.62,413,SupplierA,2024-12-10T16:20:26.864Z,I
PROD_00390,Product 390,Home & Garden,586.36,14,SupplierC,2025-02-14T16:20:26.864Z,I
PROD_00391,Product 391,Books,664.57,-10,SupplierD,2025-12-24T16:20:26.864Z,I
PROD_00392,Product 392,Electronics,175.05,427,SupplierB,2024-11-21T16:20:26.864Z,I
PROD_00393,Product 393,Sports,461.39,203,SupplierC,2024-06-16T16:20:26.864Z,I
PROD_00394,Product 394,Books,65.9,430,SupplierB,2025-04-01T16:20:26.864Z,I
PROD_00395,Product 395,Electronics,256.4,266,SupplierB,2026-01-03T16:20:26.864Z,I
PROD_00396,Product 396,Clothing,541.93,284,SupplierA,2025-01-31T16:20:26.864Z,I
PROD_00397,Product 397,Books,668.42,276,SupplierB,2024-04-10T16:20:26.864Z,I
PROD_00398,Product 398,Food,476.36,426,SupplierA,2024-06-16T16:20:26.864Z,I
PROD_00399,Product 399,Electronics,984.33,121,SupplierB,2024-10-03T16:20:26.864Z,I
PROD_00400,Product 400,Electronics,915.62,24,SupplierB,2025-11-17T16:20:26.864Z,I
PROD_00401,Product 401,Toys,721.6,389,SupplierD,2025-09-21T16:20:26.864Z,I
PROD_00402,Product 402,Home & Garden,870.09,305,SupplierB,2025-12-17T16:20:26.864Z,I
PROD_00403,Product 403,Home & Garden,950.56,198,SupplierA,2024-06-11T16:20:26.864Z,I
PROD_00404,Product 404,Sports,567.51,422,SupplierE,2024-02-23T16:20:26.864Z,I
PROD_00405,Product 405,Sports,990.57,221,SupplierE,2025-11-11T16:20:26.864Z,I
PROD_00406,Product 406,Electronics,482.45,369,SupplierA,2024-07-09T16:20:26.864Z,I
PROD_00407,Product 407,Food,417.37,329,SupplierA,2025-12-03T16:20:26.864Z,I
PROD_00408,Product 408,Home & Garden,751.37,218,SupplierA,2025-11-16T16:20:26.864Z,I
PROD_00409,Product 409,Home & Garden,919.34,155,SupplierB,2024-04-28T16:20:26.864Z,I
PROD_00410,Product 410,Home & Garden,48.05,247,SupplierC,2024-10-28T16:20:26.864Z,I
PROD_00411,Product 411,Home & Garden,929.48,419,SupplierB,2025-03-01T16:20:26.864Z,I
PROD_00412,Product 412,Food,380.94,403,SupplierB,2025-09-06T16:20:26.864Z,I
PROD_00413,Product 413,Sports,347.47,305,SupplierD,2025-08-16T16:20:26.864Z,I
PROD_00414,Product 414,Clothing,428.34,91,SupplierB,2025-08-29T16:20:26.864Z,I
PROD_00415,Product 415,Toys,335.13,110,SupplierC,2024-10-10T16:20:26.864Z,I
PROD_00416,Product 416,Sports,262.33,157,SupplierD,2025-02-27T16:20:26.864Z,I
PROD_00417,Product 417,Home & Garden,686.31,166,SupplierE,2025-05-20T16:20:26.864Z,I
PROD_00418,Product 418,Food,329.63,49,SupplierB,2024-07-05T16:20:26.864Z,I
PROD_00419,Product 419,Electronics,11.08,425,SupplierB,2025-03-15T16:20:26.864Z,I
PROD_00420,Product 420,Clothing,350.96,52,SupplierE,2025-11-07T16:20:26.864Z,I
PROD_00421,Product 421,Toys,397.41,-10,SupplierB,2025-10-02T16:20:26.864Z,I
PROD_00422,Product 422,Food,72.65,367,SupplierD,2025-05-06T16:20:26.864Z,I
PROD_00423,Product 423,Sports,641.89,324,SupplierD,2025-07-27T16:20:26.864Z,I
PROD_00424,Product 424,Books,274.35,328,SupplierB,2024-04-11T16:20:26.864Z,I
PROD_00425,Product 425,Home & Garden,324.38,345,SupplierE,2025-02-05T16:20:26.864Z,I
PROD_00426,Product 426,Clothing,586.53,156,SupplierC,2025-08-13T16:20:26.864Z,I
PROD_00427,Product 427,Electronics,316.06,207,SupplierE,2025-02-02T16:20:26.864Z,I
PROD_00428,Product 428,Electronics,616.87,229,SupplierA,2025-01-24T16:20:26.864Z,I
PROD_00429,Product 429,Electronics,531.45,326,SupplierC,2025-02-22T16:20:26.864Z,I
PROD_00430,Product 430,Home & Garden,262.03,232,SupplierC,2024-09-08T16:20:26.864Z,I
PROD_00431,Product 431,Home & Garden,369.29,109,SupplierB,2025-03-05T16:20:26.864Z,I
PROD_00432,Product 432,Food,531.28,380,SupplierC,2025-09-11T16:20:26.864Z,I
PROD_00433,Product 433,Home & Garden,844.88,60,SupplierE,2025-03-02T16:20:26.864Z,I
PROD_00434,Product 434,Clothing,980.08,235,SupplierC,2025-03-13T16:20:26.864Z,I
PROD_00435,Product 435,Home & Garden,605.02,18,SupplierB,2024-08-21T16:20:26.864Z,I
PROD_00436,Product 436,Electronics,35.13,99,SupplierE,2025-05-26T16:20:26.864Z,I
PROD_00437,Product 437,Toys,874.48,35,SupplierB,2025-05-03T16:20:26.864Z,I
PROD_00438,Product 438,Clothing,523.56,307,SupplierD,2025-11-26T16:20:26.864Z,I
PROD_00439,Product 439,Clothing,508.5,455,SupplierE,2025-10-26T16:20:26.864Z,I
PROD_00440,Product 440,Sports,178.22,278,SupplierB,2025-12-25T16:20:26.864Z,I
PROD_00441,Product 441,Home & Garden,557.08,94,SupplierA,2025-02-17T16:20:26.864Z,I
PROD_00442,Product 442,Sports,447.94,156,SupplierC,2024-02-27T16:20:26.864Z,I
PROD_00443,Product 443,Sports,330.8,115,SupplierE,2025-11-13T16:20:26.864Z,I
PROD_00444,Product 444,Home & Garden,566.7,54,SupplierD,2024-09-01T16:20:26.864Z,I
PROD_00445,Product 445,Sports,282.82,195,SupplierA,2024-08-31T16:20:26.864Z,I
PROD_00446,Product 446,Books,382.01,83,SupplierD,2024-05-11T16:20:26.864Z,I
PROD_00447,Product 447,Clothing,987,114,SupplierD,2025-08-17T16:20:26.864Z,I
PROD_00448,Product 448,Sports,577.71,454,SupplierD,2025-04-10T16:20:26.864Z,I
PROD_00449,Product 449,Books,344.75,312,SupplierE,2024-05-14T16:20:26.864Z,I
PROD_00450,Product 450,Electronics,691.05,57,SupplierE,2024-05-04T16:20:26.864Z,I
PROD_00451,Product 451,Electronics,482.29,295,SupplierE,2025-05-09T16:20:26.864Z,I
PROD_00452,Product 452,Clothing,685.34,174,SupplierA,2025-10-08T16:20:26.864Z,I
PROD_00453,Product 453,Home & Garden,412.55,267,SupplierC,2025-07-13T16:20:26.864Z,I
PROD_00454,Product 454,Books,392.91,376,SupplierE,2025-03-05T16:20:26.864Z,I
PROD_00455,Product 455,Toys,939.47,429,SupplierE,2024-09-22T16:20:26.865Z,I
PROD_00456,Product 456,Home & Garden,440.85,287,SupplierD,2025-02-01T16:20:26.865Z,I
PROD_00457,Product 457,Books,573.16,386,SupplierB,2024-07-22T16:20:26.865Z,I
PROD_00458,Product 458,Clothing,843.37,26,SupplierB,2025-10-22T16:20:26.865Z,I
PROD_00459,Product 459,Books,585.89,374,SupplierE,2024-02-27T16:20:26.865Z,I
PROD_00460,Product 460,Electronics,846.5,429,SupplierB,2025-03-03T16:20:26.865Z,I
PROD_00461,Product 461,Food,191.59,311,SupplierD,2025-10-12T16:20:26.865Z,I
PROD_00462,Product 462,Books,926.6,384,SupplierE,2025-03-03T16:20:26.865Z,I
PROD_00463,Product 463,Food,266.38,168,SupplierA,2025-04-06T16:20:26.865Z,I
PROD_00464,Product 464,Food,210.08,254,SupplierB,2024-07-17T16:20:26.865Z,I
PROD_00465,Product 465,Electronics,982.13,53,SupplierB,2025-05-26T16:20:26.865Z,I
PROD_00466,Product 466,Home & Garden,213.87,257,SupplierD,2024-07-03T16:20:26.865Z,I
PROD_00467,Product 467,Books,86.51,125,SupplierD,2024-07-01T16:20:26.865Z,I
PROD_00468,,Food,578.56,454,SupplierA,2024-04-11T16:20:26.865Z,I
PROD_00469,Product 469,Toys,867.13,431,SupplierE,2024-03-29T16:20:26.865Z,I
PROD_00470,Product 470,Sports,834.23,227,SupplierE,2025-11-16T16:20:26.865Z,I
PROD_00471,Product 471,Sports,152.07,441,SupplierD,2024-05-14T16:20:26.865Z,I
PROD_00472,Product 472,Electronics,824,191,SupplierC,2024-08-05T16:20:26.865Z,I
PROD_00473,Product 473,Sports,25.56,369,SupplierA,2024-02-19T16:20:26.865Z,I
PROD_00474,Product 474,Electronics,130.9,202,SupplierA,2025-09-01T16:20:26.865Z,I
PROD_00475,Product 475,Electronics,788.33,40,SupplierB,2024-07-07T16:20:26.865Z,I
PROD_00476,Product 476,Home & Garden,575.64,242,SupplierB,2024-03-13T16:20:26.865Z,I
PROD_00477,Product 477,Toys,352.81,124,SupplierD,2025-11-21T16:20:26.865Z,I
PROD_00478,Product 478,Food,691.63,167,SupplierE,2025-09-22T16:20:26.865Z,I
PROD_00479,Product 479,Home & Garden,718.59,21,SupplierC,2025-11-02T16:20:26.865Z,I
PROD_00480,Product 480,Sports,302.84,365,SupplierB,2024-11-19T16:20:26.865Z,I
PROD_00481,,Food,933,407,SupplierE,2024-08-13T16:20:26.865Z,I
PROD_00482,Product 482,Sports,758.74,71,SupplierA,2025-05-26T16:20:26.865Z,I
PROD_00483,Product 483,Sports,512.11,306,SupplierE,2025-04-27T16:20:26.865Z,I
PROD_00484,Product 484,Electronics,245.78,316,SupplierA,2024-04-02T16:20:26.865Z,I
PROD_00485,Product 485,Food,325.15,447,SupplierD,2025-10-03T16:20:26.865Z,I
PROD_00486,Product 486,Toys,955.85,230,SupplierB,2025-10-07T16:20:26.865Z,I
PROD_00487,Product 487,Sports,861.47,420,SupplierB,2024-05-15T16:20:26.865Z,I
PROD_00488,Product 488,Food,190.01,177,SupplierA,2025-09-22T16:20:26.865Z,I
PROD_00489,Product 489,Toys,249.87,489,SupplierE,2025-11-21T16:20:26.865Z,I
PROD_00490,Product 490,Clothing,839.13,466,SupplierD,2024-08-24T16:20:26.865Z,I
PROD_00491,Product 491,Books,33.03,81,SupplierE,2024-10-29T16:20:26.865Z,I
PROD_00492,Product 492,Electronics,651.91,209,SupplierC,2025-04-23T16:20:26.865Z,I
PROD_00493,Product 493,Food,523.63,193,SupplierC,2025-04-16T16:20:26.865Z,I
PROD_00494,Product 494,Electronics,75000,39,SupplierA,2024-04-05T16:20:26.865Z,I
PROD_00495,Product 495,Home & Garden,464.52,485,SupplierB,2025-01-26T16:20:26.865Z,I
PROD_00496,Product 496,Home & Garden,819.04,470,SupplierD,2025-04-07T16:20:26.865Z,I
PROD_00497,,Clothing,963.52,19,SupplierE,2024-06-23T16:20:26.865Z,I
PROD_00498,Product 498,Electronics,75000,109,SupplierC,2025-08-10T16:20:26.865Z,I
PROD_00499,Product 499,Food,212.49,68,SupplierE,2025-09-21T16:20:26.865Z,I
PROD_00500,Product 500,Sports,262.87,138,SupplierA,2024-07-11T16:20:26.865Z,I
